27/08/2019,"373.09",TRANSFER FROM WHITEHORSE HOTEL WAGES WHITEHORSE
27/08/2019,"-38.16",VISA DEBIT PURCHASE CARD 3076 PAYPAL *STIPE GAMES 4029357733
27/08/2019,"-94.00",VISA DEBIT PURCHASE CARD 3076 PEAK HEALTH SRVCES P/L SURRY HILLS
26/08/2019,"-10.50",VISA DEBIT PURCHASE CARD 3076 WHITE HORSE HOTEL SURRY HILLS
26/08/2019,"-40.00",VISA DEBIT PURCHASE CARD 3076 MIRACLES FOR HAIR SURRY HILLS
26/08/2019,"-10.50",VISA DEBIT PURCHASE CARD 3076 WHITE HORSE HOTEL SURRY HILLS
26/08/2019,"-10.00",VISA DEBIT PURCHASE CARD 3076 BOURKE ST BAKERY P L SURRY HILLS
26/08/2019,"-20.00",VISA DEBIT PURCHASE CARD 3076 GOLDEN PIDE SURRY HILLS
23/08/2019,"-8.00",VISA DEBIT PURCHASE CARD 3076 THE VERNON WOOLLAHRA
22/08/2019,"-10.00",VISA DEBIT PURCHASE CARD 3076 TFNSW RAIL OPAL HAYMARKET
22/08/2019,"-3.14",VISA DEBIT PURCHASE CARD 3076 NAME-CHEAP.COM WWW.NAMECHEAP 2.06 USD INC O/S FEE $0.09
21/08/2019,"-10.00",VISA DEBIT PURCHASE CARD 3076 BOURKE ST BAKERY P L SURRY HILLS
21/08/2019,"-5.70",VISA DEBIT PURCHASE CARD 3076 BOURKE ST BAKERY P L SURRY HILLS
20/08/2019,"223.71",TRANSFER FROM WHITEHORSE HOTEL WAGES WHITEHORSE
20/08/2019,"-94.00",VISA DEBIT PURCHASE CARD 3076 PEAK HEALTH SRVCES P/L SURRY HILLS
19/08/2019,"-10.50",VISA DEBIT PURCHASE CARD 3076 WHITE HORSE HOTEL SURRY HILLS
19/08/2019,"-13.90",VISA DEBIT PURCHASE CARD 3076 BOURKE ST BAKERY P L SURRY HILLS
19/08/2019,"-10.50",VISA DEBIT PURCHASE CARD 3076 WHITE HORSE HOTEL SURRY HILLS
19/08/2019,"-60.48",VISA DEBIT PURCHASE CARD 3076 LASTPASS.COM 7037128315 39.60 USD INC O/S FEE $1.76
19/08/2019,"-23.98",VISA DEBIT PURCHASE CARD 3076 NAME-CHEAP.COM WWW.NAMECHEAP 15.76 USD INC O/S FEE $0.69
19/08/2019,"-23.07",VISA DEBIT PURCHASE CARD 3076 NAME-CHEAP.COM WWW.NAMECHEAP 15.16 USD INC O/S FEE $0.67
19/08/2019,"29.38",VISA DEBIT DEPOSIT CARD 3076 DOMAINAGENTS.COM MILTON 19.95 USD
19/08/2019,"-16.00",VISA DEBIT PURCHASE CARD 3076 GOLDEN PIDE SURRY HILLS
16/08/2019,"-10.00",VISA DEBIT PURCHASE CARD 3076 BOURKE ST BAKERY P L SURRY HILLS
16/08/2019,"-4.49",VISA DEBIT PURCHASE CARD 3076 GOOGLE*GLU MOBILE G.CO HELPPAY#
15/08/2019,"-30.47",VISA DEBIT PURCHASE CARD 3076 DOMAINAGENTS.COM MILTON 19.95 USD INC O/S FEE $0.88
14/08/2019,"-14.80",VISA DEBIT PURCHASE CARD 3076 SAMBAL MALAYSIAN NORTH RYDE
14/08/2019,"-7.00",VISA DEBIT PURCHASE CARD 3076 YHH INVESTMENTS PTY NORTH RYDE
14/08/2019,"-3.50",VISA DEBIT PURCHASE CARD 3076 UATMQ LIBRARY CAFE NORTH RYDE
13/08/2019,"349.95",TRANSFER FROM ROSS RAMSAY      THANKS RE VAPES
13/08/2019,"-4.00",VISA DEBIT PURCHASE CARD 3076 THE VERNON WOOLLAHRA
13/08/2019,"-143.50",VISA DEBIT PURCHASE CARD 3076 PEAK HEALTH SRVCES P/L SURRY HILLS
12/08/2019,"-20.50",VISA DEBIT PURCHASE CARD 3076 BONDIJUNCTION RAILWAY BONDI JUNCTIO
12/08/2019,"-4.50",VISA DEBIT PURCHASE CARD 3076 ROYALE SPECIALTY SURRY HILLS
12/08/2019,"-4.20",VISA DEBIT PURCHASE CARD 3076 DEKAY HOLDINGS PTY LTD BONDI JUNCTIO
12/08/2019,"-13.50",VISA DEBIT PURCHASE CARD 3076 BOURKE ST BAKERY P L SURRY HILLS
09/08/2019,"-10.00",VISA DEBIT PURCHASE CARD 3076 BOURKE ST BAKERY P L SURRY HILLS
08/08/2019,"-50.00",VISA DEBIT PURCHASE CARD 3076 CITY INDEX AU/AUD SYDNEY NSW
08/08/2019,"-14.95",VISA DEBIT PURCHASE CARD 3076 SURRY HILLS PHARMACY SURRY HILLS
08/08/2019,"-5.70",VISA DEBIT PURCHASE CARD 3076 BOURKE ST BAKERY P L SURRY HILLS
08/08/2019,"-34.95",VISA DEBIT PURCHASE CARD 3076 TSG DEVONSHIRE PTY LTD SURRY HILLS
08/08/2019,"141.00",VISA DEBIT DEPOSIT CARD 3076 SKILLSHARE 2029968412
07/08/2019,"-14.80",VISA DEBIT PURCHASE CARD 3076 SAMBAL MALAYSIAN NORTH RYDE
07/08/2019,"-7.40",VISA DEBIT PURCHASE CARD 3076 RETAIL JUICE BARS PTY NORTH RYDE
06/08/2019,"332.30",TRANSFER FROM WHITEHORSE HOTEL WAGES WHITEHORSE
06/08/2019,"60.00",ANZ M-BANKING FUNDS TFER TRANSFER 598711  FROM       407829427
06/08/2019,"20.00",ANZ M-BANKING FUNDS TFER TRANSFER 720152  FROM       407829427
05/08/2019,"-20.70",VISA DEBIT PURCHASE CARD 3076 MAD SPUDS CAFE SURRY HILLS
05/08/2019,"-10.50",VISA DEBIT PURCHASE CARD 3076 WHITE HORSE HOTEL SURRY HILLS
05/08/2019,"-141.00",VISA DEBIT PURCHASE CARD 3076 SKILLSHARE HTTPSWWW.SKIL
05/08/2019,"-10.50",VISA DEBIT PURCHASE CARD 3076 WHITE HORSE HOTEL SURRY HILLS
05/08/2019,"-15.16",VISA DEBIT PURCHASE CARD 3076 DIGITALOCEAN.COM DIGITALOCEAN. 10.00 USD INC O/S FEE $0.44
05/08/2019,"-13.45",VISA DEBIT PURCHASE CARD 3076 TEAM TOWERS PTY LTD SURRY HILLS
05/08/2019,"-9.24",VISA DEBIT PURCHASE CARD 3076 GOOGLE*GSUITE YOUSPONS CC GOOGLE.COM
05/08/2019,"-7.58",VISA DEBIT PURCHASE CARD 3076 MANIFOLD.CO HALIFAX 5.00 USD INC O/S FEE $0.22
05/08/2019,"-5.00",VISA DEBIT PURCHASE CARD 3076 STEAMGAMES.COM 425-952-2985
02/08/2019,"-55.81",VISA DEBIT PURCHASE CARD 3076 PAYPAL *MISTERVAPE 4029357733
02/08/2019,"-5.58",VISA DEBIT PURCHASE CARD 3076 PAYPAL *EBAY AU GST 4029357733
01/08/2019,"-40.00",VISA DEBIT PURCHASE CARD 3076 CITY INDEX AU/AUD SYDNEY NSW
31/07/2019,"-5.99",VISA DEBIT PURCHASE CARD 3076 SPOTIFY P0C0B5C66F SYDNEY
31/07/2019,"-10.00",VISA DEBIT PURCHASE CARD 3076 DEVONSHIRE ST.NEWSAG SURRY HILLS
31/07/2019,"-10.00",VISA DEBIT PURCHASE CARD 3076 BOURKE ST BAKERY P L SURRY HILLS
30/07/2019,"332.30",TRANSFER FROM WHITEHORSE HOTEL WAGES WHITEHORSE
30/07/2019,"40.00",ANZ M-BANKING FUNDS TFER TRANSFER 916050  FROM       407829427
30/07/2019,"15.00",ANZ M-BANKING FUNDS TFER TRANSFER 697877  FROM       407829427
30/07/2019,"-9.00",VISA DEBIT PURCHASE CARD 3076 U BAR NORTH RYDE
30/07/2019,"-3.10",VISA DEBIT PURCHASE CARD 3076 UATMQ LIBRARY CAFE NORTH RYDE
30/07/2019,"-65.00",VISA DEBIT PURCHASE CARD 3076 SQ *VAPER CHOICE SURRY HILLS
30/07/2019,"-19.99",VISA DEBIT PURCHASE CARD 3076 E-LIBRARY OIAKAY HTTPSOIAKAY.W
29/07/2019,"35.00",ANZ M-BANKING FUNDS TFER TRANSFER 993274  FROM       407829427
29/07/2019,"-4.06",VISA DEBIT PURCHASE CARD 3076 CUCKOO CALLAY SURRY HILLS
29/07/2019,"50.00",ANZ M-BANKING FUNDS TFER TRANSFER 558493  FROM       407829427
29/07/2019,"-11.50",VISA DEBIT PURCHASE CARD 3076 WHITE HORSE HOTEL SURRY HILLS
29/07/2019,"-20.50",VISA DEBIT PURCHASE CARD 3076 MAD SPUDS CAFE SURRY HILLS
29/07/2019,"-16.90",VISA DEBIT PURCHASE CARD 3076 GUZMAN Y GOMEZ BROADWA BROADWAY
29/07/2019,"-10.50",VISA DEBIT PURCHASE CARD 3076 WHITE HORSE HOTEL SURRY HILLS
26/07/2019,"-1.50",VISA DEBIT PURCHASE CARD 3076 CIGNALL SURRY HILLS SURRY HILLS
25/07/2019,"-107.90",VISA DEBIT PURCHASE CARD 3076 PAYPAL *HNYAWAMA 4029357733
25/07/2019,"-27.54",VISA DEBIT PURCHASE CARD 3076 PAYPAL *MISTERVAPE 4029357733
25/07/2019,"-19.00",VISA DEBIT PURCHASE CARD 3076 PAYPAL *JALUNTHONGP 4029357733
25/07/2019,"-2.75",VISA DEBIT PURCHASE CARD 3076 PAYPAL *EBAY AU GST 4029357733
23/07/2019,"-200.00",ANZ M-BANKING FUNDS TFER TRANSFER 287569  TO  012487407829427
23/07/2019,"366.91",TRANSFER FROM PROSPER ROSTER P WHITE WAGES 21.07
22/07/2019,"57.00",TRANSFER FROM ROSS RAMSAY      STOP SMOKING DOPE
22/07/2019,"-10.50",VISA DEBIT PURCHASE CARD 3076 WHITE HORSE HOTEL SURRY HILLS
22/07/2019,"-10.50",VISA DEBIT PURCHASE CARD 3076 WHITE HORSE HOTEL SURRY HILLS
22/07/2019,"-5.06",VISA DEBIT PURCHASE CARD 3076 SMP*EZYMART CROWN STREE SURRY HILLS
22/07/2019,"-57.70",VISA DEBIT PURCHASE CARD 3076 IN T MD FOR THAI S H SURRY HILLS
22/07/2019,"-2.18",VISA DEBIT PURCHASE CARD 3076 DBS*U@MQ LTD NORTH RYDE
19/07/2019,"-5.00",VISA DEBIT PURCHASE CARD 3076 STEAMGAMES.COM 425-952-2985
18/07/2019,"-26.00",VISA DEBIT PURCHASE CARD 3076 BAR CLEVELAND REDFERN
16/07/2019,"-300.00",ANZ M-BANKING FUNDS TFER TRANSFER 454392  TO  012487407829427
16/07/2019,"347.34",TRANSFER FROM PROSPER ROSTER P WHORSE WAGE 19.07
16/07/2019,"-4.06",VISA DEBIT PURCHASE CARD 3076 CUCKOO CALLAY SURRY HILLS
15/07/2019,"-100.00",ANZ M-BANKING FUNDS TFER TRANSFER 520806  TO  012487407829427
15/07/2019,"-5.06",VISA DEBIT PURCHASE CARD 3076 SMP*EZYMART CROWN STREE SURRY HILLS
15/07/2019,"-10.50",VISA DEBIT PURCHASE CARD 3076 WHITE HORSE HOTEL SURRY HILLS
15/07/2019,"-5.06",VISA DEBIT PURCHASE CARD 3076 SMP*EZYMART CROWN STREE SURRY HILLS
15/07/2019,"-4.30",VISA DEBIT PURCHASE CARD 3076 BOURKE ST BAKERY P L SURRY HILLS
15/07/2019,"-19.50",VISA DEBIT PURCHASE CARD 3076 BOURKE ST BAKERY P L SURRY HILLS
15/07/2019,"-6.46",VISA DEBIT PURCHASE CARD 3076 PAYPAL *MARKETPLACE 4029357733
15/07/2019,"-2.35",VISA DEBIT PURCHASE CARD 3076 PAYPAL *MARKETPLACE 4029357733
12/07/2019,"-12.50",VISA DEBIT PURCHASE CARD 3076 DNL GROUP PTY LTD SURRY HILLS
11/07/2019,"-50.00",ANZ ATM CARD 3076
11/07/2019,"-10.00",VISA DEBIT PURCHASE CARD 3076 STEAMGAMES.COM 4259522985 HAMBURG
10/07/2019,"-90.00",ANZ ATM CARD 3076
10/07/2019,"-6.75",VISA DEBIT PURCHASE CARD 3076 BLIZZARD US68621842 VELIZY VILACO
09/07/2019,"351.96",TRANSFER FROM PROSPER ROSTER P WHORSE WAGE 070719
08/07/2019,"-11.50",VISA DEBIT PURCHASE CARD 3076 WHITE HORSE HOTEL SURRY HILLS
08/07/2019,"-5.99",VISA DEBIT PURCHASE CARD 3076 SPOTIFY P0BA78B236 SYDNEY
08/07/2019,"-40.00",VISA DEBIT PURCHASE CARD 3076 THE HOYTS CORPORATIO BROADWAY
08/07/2019,"-4.06",VISA DEBIT PURCHASE CARD 3076 CUCKOO CALLAY SURRY HILLS
08/07/2019,"-3.50",VISA DEBIT PURCHASE CARD 3076 COLES 0839 BROADWAY
08/07/2019,"-30.50",VISA DEBIT PURCHASE CARD 3076 DBS*U@MQ LTD NORTH RYDE
08/07/2019,"-14.95",VISA DEBIT PURCHASE CARD 3076 SURRY HILLS PHARMACY SURRY HILLS
08/07/2019,"-10.00",VISA DEBIT PURCHASE CARD 3076 BOURKE ST BAKERY P L SURRY HILLS
08/07/2019,"-17.00",VISA DEBIT PURCHASE CARD 3076 GOLDEN PIDE SURRY HILLS
08/07/2019,"-1.50",VISA DEBIT PURCHASE CARD 3076 CIGNALL SURRY HILLS SURRY HILLS
05/07/2019,"-4.80",VISA DEBIT PURCHASE CARD 3076 VENEZIANO COFFEE ROA SURRY HILLS
04/07/2019,"-9.24",VISA DEBIT PURCHASE CARD 3076 GOOGLE*GSUITE YOUSPONS CC GOOGLE.COM
03/07/2019,"-7.41",VISA DEBIT PURCHASE CARD 3076 MANIFOLD.CO HALIFAX 5.00 USD INC O/S FEE $0.21
02/07/2019,"152.15",TRANSFER FROM PROSPER ROSTER P WHORSE WAGES 30.06
02/07/2019,"-14.72",VISA DEBIT PURCHASE CARD 3076 DIGITALOCEAN.COM DIGITALOCEAN. 10.00 USD INC O/S FEE $0.42
01/07/2019,"-41.56",VISA DEBIT PURCHASE CARD 3076 PAYPAL *MARTINOBERL 4029357733
01/07/2019,"-20.90",VISA DEBIT PURCHASE CARD 3076 PAYPAL *PHARMACYONL 4029357733
01/07/2019,"-10.50",VISA DEBIT PURCHASE CARD 3076 WHITE HORSE HOTEL SURRY HILLS
01/07/2019,"-5.06",VISA DEBIT PURCHASE CARD 3076 SMP*EZYMART CROWN STREE SURRY HILLS
01/07/2019,"-4.16",VISA DEBIT PURCHASE CARD 3076 PAYPAL *EBAY AU GST 4029357733
25/06/2019,"177.67",TRANSFER FROM WHITEHORSE HOTEL WAGES WHITEHORSE
25/06/2019,"-13.52",VISA DEBIT PURCHASE CARD 3076 NAME-CHEAP.COM WWW.NAMECHEAP 9.06 USD INC O/S FEE $0.39
24/06/2019,"-70.00",ANZ ATM SURRY HILLS BRANCH       SURRY HILLS  NS
24/06/2019,"-12.50",VISA DEBIT PURCHASE CARD 3076 DNL GROUP PTY LTD SURRY HILLS
24/06/2019,"-10.50",VISA DEBIT PURCHASE CARD 3076 WHITE HORSE HOTEL SURRY HILLS
24/06/2019,"70.00",ANZ M-BANKING FUNDS TFER TRANSFER 551287  FROM       407829427
24/06/2019,"20.00",ANZ M-BANKING FUNDS TFER TRANSFER 663712  FROM       407829427
24/06/2019,"15.00",ANZ M-BANKING FUNDS TFER TRANSFER 552245  FROM       407829427
24/06/2019,"-42.15",VISA DEBIT PURCHASE CARD 3076 CIGNALL SURRY HILLS SURRY HILLS
24/06/2019,"-25.50",VISA DEBIT PURCHASE CARD 3076 PAYPAL *MISTERVAPE 4029357733
24/06/2019,"-20.95",VISA DEBIT PURCHASE CARD 3076 PAYPAL *MYDFX 4029357733
24/06/2019,"-18.95",VISA DEBIT PURCHASE CARD 3076 PAYPAL *NOOTSOURCE 4029357733
24/06/2019,"-18.00",VISA DEBIT PURCHASE CARD 3076 CUCKOO CALLAY SURRY HILLS
24/06/2019,"-17.38",VISA DEBIT PURCHASE CARD 3076 PAYPAL *BIONUTRICAL 35314369001
24/06/2019,"-6.00",VISA DEBIT PURCHASE CARD 3076 SQ *VAPER CHOICE SURRY HILLS
24/06/2019,"-2.55",VISA DEBIT PURCHASE CARD 3076 PAYPAL *EBAY AU GST 4029357733
24/06/2019,"-1.73",VISA DEBIT PURCHASE CARD 3076 PAYPAL *EBAY AU GST 4029357733
24/06/2019,"-30.50",VISA DEBIT PURCHASE CARD 3076 DBS*U@MQ LTD NORTH RYDE
24/06/2019,"-18.95",VISA DEBIT PURCHASE CARD 3076 PAYPAL *NOOTSOURCE 4029357733
24/06/2019,"-13.52",VISA DEBIT PURCHASE CARD 3076 NAME-CHEAP.COM WWW.NAMECHEAP 9.06 USD INC O/S FEE $0.39
21/06/2019,"55.00",ANZ M-BANKING FUNDS TFER TRANSFER 973165  FROM       407829427
21/06/2019,"-81.97",VISA DEBIT PURCHASE CARD 3076 CHEMIST WAREHOUSE SURREY HILLS
21/06/2019,"-73.00",VISA DEBIT PURCHASE CARD 3076 LA PANCHINA PIZZA AND SURRY HILLS
21/06/2019,"-26.85",VISA DEBIT PURCHASE CARD 3076 PAYPAL *GREATPHARMA 4029357733
20/06/2019,"100.00",ANZ M-BANKING FUNDS TFER TRANSFER 237430  FROM       407829427
20/06/2019,"-10.10",VISA DEBIT PURCHASE CARD 3076 PICCOLO LANE NORTH RYDE
19/06/2019,"150.00",ANZ M-BANKING FUNDS TFER TRANSFER 410160  FROM       407829427
19/06/2019,"-4.50",VISA DEBIT PURCHASE CARD 3076 J & F MIXED BUSINESS SURRY HILLS
18/06/2019,"-450.00",ANZ M-BANKING FUNDS TFER TRANSFER 676241  TO  012487407829427
18/06/2019,"256.76",TRANSFER FROM WHITEHORSE HOTEL WAGES WHITEHORSE
17/06/2019,"-10.50",VISA DEBIT PURCHASE CARD 3076 WHITE HORSE HOTEL SURRY HILLS
17/06/2019,"-9.30",VISA DEBIT PURCHASE CARD 3076 BOURKE ST BAKERY P L SURRY HILLS
13/06/2019,"-13.50",VISA DEBIT PURCHASE CARD 3076 YHH INVESTMENTS PTY NORTH RYDE
13/06/2019,"-4.00",VISA DEBIT PURCHASE CARD 3076 CULT HOSPITALITY PTY NORTH RYDE
12/06/2019,"-13.30",VISA DEBIT PURCHASE CARD 3076 UATMQ LIBRARY CAFE NORTH RYDE
12/06/2019,"-32.30",VISA DEBIT PURCHASE CARD 3076 CIGNALL SURRY HILLS SURRY HILLS
12/06/2019,"-17.00",VISA DEBIT PURCHASE CARD 3076 GOLDEN PIDE SURRY HILLS
12/06/2019,"-11.98",VISA DEBIT PURCHASE CARD 3076 MALONEYS GROCER PTY SURRY HILLS
11/06/2019,"329.82",TRANSFER FROM WHITEHORSE HOTEL WAGES WHITEHORSE
11/06/2019,"10.00",ANZ M-BANKING FUNDS TFER TRANSFER 653982  FROM       407829427
11/06/2019,"-3.49",VISA DEBIT PURCHASE CARD 3076 MALONEYS GROCER PTY SURRY HILLS
10/06/2019,"30.00",ANZ M-BANKING FUNDS TFER TRANSFER 917111  FROM       407829427
10/06/2019,"25.00",ANZ M-BANKING FUNDS TFER TRANSFER 975029  FROM       407829427
10/06/2019,"10.00",ANZ M-BANKING FUNDS TFER TRANSFER 862962  FROM       407829427
10/06/2019,"-10.50",VISA DEBIT PURCHASE CARD 3076 WHITE HORSE HOTEL SURRY HILLS
10/06/2019,"20.00",ANZ M-BANKING FUNDS TFER TRANSFER 524212  FROM       407829427
10/06/2019,"-15.50",VISA DEBIT PURCHASE CARD 3076 WHITE HORSE HOTEL SURRY HILLS
10/06/2019,"-3.49",VISA DEBIT PURCHASE CARD 3076 MALONEYS GROCER PTY SURRY HILLS
10/06/2019,"-30.50",VISA DEBIT PURCHASE CARD 3076 DBS*U@MQ LTD NORTH RYDE
10/06/2019,"-13.14",VISA DEBIT PURCHASE CARD 3076 NAME-CHEAP.COM WWW.NAMECHEAP 8.88 USD INC O/S FEE $0.38
06/06/2019,"-14.80",VISA DEBIT PURCHASE CARD 3076 SAMBAL MALAYSIAN NORTH RYDE
05/06/2019,"-3.20",VISA DEBIT PURCHASE CARD 3076 SHOP 2 NORTH RYDE
05/06/2019,"-9.00",VISA DEBIT PURCHASE CARD 3076 GC FINE FOODS PTY LTD NORTH RYDE
05/06/2019,"-40.35",VISA DEBIT PURCHASE CARD 3076 CIGNALL SURRY HILLS SURRY HILLS
04/06/2019,"-350.00",ANZ M-BANKING FUNDS TFER TRANSFER 671706  TO  012487407829427
04/06/2019,"358.02",TRANSFER FROM WHITEHORSE HOTEL WAGES WHITEHORSE
04/06/2019,"-13.70",VISA DEBIT PURCHASE CARD 3076 UATMQ LIBRARY CAFE NORTH RYDE
04/06/2019,"-7.10",VISA DEBIT PURCHASE CARD 3076 CRUNCH CAFE NORTH RYDE
04/06/2019,"-5.50",VISA DEBIT PURCHASE CARD 3076 CHEMIST WAREHOUSE SURREY HILLS
04/06/2019,"-4.50",VISA DEBIT PURCHASE CARD 3076 MEGGYKENNY PTY LTD SURRY HILLS
04/06/2019,"-1.42",VISA DEBIT PURCHASE CARD 3076 SKILLSHARE 8883646223
04/06/2019,"-16.48",VISA DEBIT PURCHASE CARD 3076 CHEMIST WAREHOUSE SURREY HILLS
03/06/2019,"-2.97",VISA DEBIT PURCHASE CARD 3076 GOOGLE*GSUITE YOUSPONS CC GOOGLE.COM
03/06/2019,"-1.42",VISA DEBIT PURCHASE CARD 3076 MANIFOLD.CO HALIFAX 0.95 USD INC O/S FEE $0.04
03/06/2019,"-10.50",VISA DEBIT PURCHASE CARD 3076 WHITE HORSE HOTEL SURRY HILLS
03/06/2019,"-3.09",VISA DEBIT PURCHASE CARD 3076 DIGITALOCEAN.COM DIGITALOCEAN. 2.07 USD INC O/S FEE $0.09
03/06/2019,"-2.99",VISA DEBIT PURCHASE CARD 3076 MALONEYS GROCER PTY SURRY HILLS
03/06/2019,"-14.80",VISA DEBIT PURCHASE CARD 3076 SAMBAL MALAYSIAN NORTH RYDE
03/06/2019,"-10.00",VISA DEBIT PURCHASE CARD 3076 TRANSPORTFORNSW OPAL CHIPPENDALE
03/06/2019,"-27.00",VISA DEBIT PURCHASE CARD 3076 HISCOES SURRY HILLS SURRY HILLS
03/06/2019,"-22.64",VISA DEBIT PURCHASE CARD 3076 NAME-CHEAP.COM WWW.NAMECHEAP 15.16 USD INC O/S FEE $0.65
03/06/2019,"-17.00",VISA DEBIT PURCHASE CARD 3076 ERCIYES TURKISH R PL SURRY HILLS
03/06/2019,"-17.00",VISA DEBIT PURCHASE CARD 3076 GOLDEN PIDE SURRY HILLS
31/05/2019,"-8.90",VISA DEBIT PURCHASE CARD 3076 PICCOLO LANE NORTH RYDE
31/05/2019,"-5.99",VISA DEBIT PURCHASE CARD 3076 SPOTIFY P0B1AE6481 SYDNEY
31/05/2019,"-50.00",VISA DEBIT PURCHASE CARD 3076 TRANSPORTFORNSW OPAL CHIPPENDALE
30/05/2019,"-31.00",VISA DEBIT PURCHASE CARD 3076 CUCKOO CALLAY SURRY HILLS
30/05/2019,"-14.80",VISA DEBIT PURCHASE CARD 3076 SAMBAL MALAYSIAN NORTH RYDE
30/05/2019,"-10.48",VISA DEBIT PURCHASE CARD 3076 MALONEYS GROCER PTY SURRY HILLS
29/05/2019,"-3.20",VISA DEBIT PURCHASE CARD 3076 CRUNCH CAFE NORTH RYDE
28/05/2019,"337.12",TRANSFER FROM WHITEHORSE HOTEL WAGES WHITEHORSE
28/05/2019,"50.00",ANZ M-BANKING FUNDS TFER TRANSFER 842742  FROM       407829427
28/05/2019,"14.00",ANZ M-BANKING FUNDS TFER TRANSFER 676235  FROM       407829427
28/05/2019,"-7.61",VISA DEBIT PURCHASE CARD 3076 CUCKOO CALLAY SURRY HILLS
28/05/2019,"-27.99",VISA DEBIT PURCHASE CARD 3076 SURRY HILLS FINE WIN SURRY HILLS
27/05/2019,"-12.00",VISA DEBIT PURCHASE CARD 3076 WHITE HORSE HOTEL SURRY HILLS
27/05/2019,"-5.06",VISA DEBIT PURCHASE CARD 3076 SMP*EZYMART CROWN STREE SURRY HILLS
27/05/2019,"-30.50",VISA DEBIT PURCHASE CARD 3076 DBS*U@MQ LTD NORTH RYDE
27/05/2019,"-8.50",VISA DEBIT PURCHASE CARD 3076 BURGER FREIGHT PL MACQUARIE PAR
24/05/2019,"-4.10",VISA DEBIT PURCHASE CARD 3076 SHOP 2 NORTH RYDE
24/05/2019,"-12.00",VISA DEBIT PURCHASE CARD 3076 DNL GROUP PTY LTD SURRY HILLS
23/05/2019,"-325.00",ANZ M-BANKING FUNDS TFER TRANSFER 965923  TO  012487407829427
23/05/2019,"-7.00",VISA DEBIT PURCHASE CARD 3076 CULT HOSPITALITY PTY NORTH RYDE
23/05/2019,"-6.00",VISA DEBIT PURCHASE CARD 3076 IPEK PTY LTD SURRY HILLS
22/05/2019,"35.00",TRANSFER FROM ASHWIN REITMANS  BALANCING THE ACCO
22/05/2019,"-11.67",VISA DEBIT PURCHASE CARD 3076 CUCKOO CALLAY SURRY HILLS
22/05/2019,"-10.70",VISA DEBIT PURCHASE CARD 3076 CRUNCH CAFE NORTH RYDE
22/05/2019,"-2.00",VISA DEBIT PURCHASE CARD 3076 TONGLING TOBACCO NORTH RYDE
21/05/2019,"390.42",TRANSFER FROM WHITEHORSE HOTEL WAGES WHITEHORSE
21/05/2019,"-11.50",VISA DEBIT PURCHASE CARD 3076 CUCKOO CALLAY SURRY HILLS
20/05/2019,"-239.33",ANZ M-BANKING FUNDS TFER TRANSFER 635606  TO  012487407829427
20/05/2019,"75.00",ANZ M-BANKING FUNDS TFER TRANSFER 635762  FROM       407829427
20/05/2019,"-9.50",VISA DEBIT PURCHASE CARD 3076 WHITE HORSE HOTEL SURRY HILLS
20/05/2019,"-5.00",VISA DEBIT PURCHASE CARD 3076 BOURKE ST PUBLIC SCHO SURRY HILLS
20/05/2019,"-4.00",VISA DEBIT PURCHASE CARD 3076 BOURKE ST PUBLIC SCHO SURRY HILLS
20/05/2019,"-9.50",VISA DEBIT PURCHASE CARD 3076 WHITE HORSE HOTEL SURRY HILLS
20/05/2019,"-5.00",VISA DEBIT PURCHASE CARD 3076 WHITE HORSE HOTEL SURRY HILLS
20/05/2019,"-4.06",VISA DEBIT PURCHASE CARD 3076 CUCKOO CALLAY SURRY HILLS
20/05/2019,"-8.40",VISA DEBIT PURCHASE CARD 3076 WOOLWORTHS 1256 SURRY HILLS
17/05/2019,"-3.22",VISA DEBIT PURCHASE CARD 3076 COLES 0839 BROADWAY
16/05/2019,"-11.67",VISA DEBIT PURCHASE CARD 3076 CUCKOO CALLAY SURRY HILLS
16/05/2019,"-61.50",VISA DEBIT PURCHASE CARD 3076 HOYTS 1300 345 664
16/05/2019,"-20.00",VISA DEBIT PURCHASE CARD 3076 DEVONSHIRE ST.NEWSAG SURRY HILLS
16/05/2019,"-13.50",VISA DEBIT PURCHASE CARD 3076 MEZZE KEBABS ST LEONARDS
15/05/2019,"-11.20",VISA DEBIT PURCHASE CARD 3076 UATMQ LIBRARY CAFE NORTH RYDE
15/05/2019,"-51.79",VISA DEBIT PURCHASE CARD 3076 DPS*U@MQ LTD NORTH RYDE
15/05/2019,"-24.40",VISA DEBIT PURCHASE CARD 3076 TSG OXFORD STREET PTY DARLINGHURST
15/05/2019,"-13.50",VISA DEBIT PURCHASE CARD 3076 OPORTO ST LEONARDS ST LEONARDS
15/05/2019,"-4.50",VISA DEBIT PURCHASE CARD 3076 THE RUSTY RABBIT PTY DARLINGHURST
15/05/2019,"-2.30",VISA DEBIT PURCHASE CARD 3076 CIGNALL SURRY HILLS SURRY HILLS
14/05/2019,"364.32",TRANSFER FROM WHITEHORSE HOTEL WAGES WHITEHORSE
14/05/2019,"20.00",ANZ M-BANKING FUNDS TFER TRANSFER 605462  FROM       407829427
14/05/2019,"20.00",ANZ M-BANKING FUNDS TFER TRANSFER 606322  FROM       407829427
14/05/2019,"-4.50",VISA DEBIT PURCHASE CARD 3076 THE RUSTY RABBIT PTY DARLINGHURST
13/05/2019,"-400.00",ANZ M-BANKING FUNDS TFER TRANSFER 893061  TO  012487407829427
13/05/2019,"50.00",ANZ M-BANKING FUNDS TFER TRANSFER 018497  FROM       407829427
13/05/2019,"-9.50",VISA DEBIT PURCHASE CARD 3076 WHITE HORSE HOTEL SURRY HILLS
13/05/2019,"-32.30",VISA DEBIT PURCHASE CARD 3076 CIGNALL SURRY HILLS SURRY HILLS
13/05/2019,"-9.50",VISA DEBIT PURCHASE CARD 3076 WHITE HORSE HOTEL SURRY HILLS
13/05/2019,"-5.06",VISA DEBIT PURCHASE CARD 3076 SMP*EZYMART CROWN STREE SURRY HILLS
13/05/2019,"-24.40",VISA DEBIT PURCHASE CARD 3076 TSG OXFORD STREET PTY DARLINGHURST
13/05/2019,"-19.90",VISA DEBIT PURCHASE CARD 3076 J & F MIXED BUSINESS SURRY HILLS
13/05/2019,"-17.00",VISA DEBIT PURCHASE CARD 3076 ERCIYES TURKISH R PL SURRY HILLS
10/05/2019,"-14.21",VISA DEBIT PURCHASE CARD 3076 CUCKOO CALLAY SURRY HILLS
10/05/2019,"-4.06",VISA DEBIT PURCHASE CARD 3076 CUCKOO CALLAY SURRY HILLS
10/05/2019,"-4.00",VISA DEBIT PURCHASE CARD 3076 THE RUSTY RABBIT PTY DARLINGHURST
09/05/2019,"-37.48",VISA DEBIT PURCHASE CARD 3076 CHEMIST WAREHOUSE SURREY HILLS
09/05/2019,"-39.99",VISA DEBIT PURCHASE CARD 3076 GOOGLE*NORTHCUBE AB G.CO HELPPAY#
09/05/2019,"-36.50",VISA DEBIT PURCHASE CARD 3076 DNL GROUP PTY LTD SURRY HILLS
07/05/2019,"489.76",TRANSFER FROM WHITEHORSE HOTEL WAGES WHITEHORSE
07/05/2019,"-14.00",VISA DEBIT PURCHASE CARD 3076 CUCKOO CALLAY SURRY HILLS
07/05/2019,"-11.50",VISA DEBIT PURCHASE CARD 3076 CUCKOO CALLAY SURRY HILLS
07/05/2019,"-21.20",VISA DEBIT PURCHASE CARD 3076 NANDOS 200028 BROADWAY
06/05/2019,"25.50",TRANSFER FROM ASHWIN REITMANS  MOVIE
06/05/2019,"-9.50",VISA DEBIT PURCHASE CARD 3076 WHITE HORSE HOTEL SURRY HILLS
06/05/2019,"-7.61",VISA DEBIT PURCHASE CARD 3076 CUCKOO CALLAY SURRY HILLS
06/05/2019,"-4.06",VISA DEBIT PURCHASE CARD 3076 CUCKOO CALLAY SURRY HILLS
06/05/2019,"-51.00",VISA DEBIT PURCHASE CARD 3076 HOYTS 1300 345 664
06/05/2019,"-9.50",VISA DEBIT PURCHASE CARD 3076 WHITE HORSE HOTEL SURRY HILLS
03/05/2019,"-4.70",VISA DEBIT PURCHASE CARD 3076 PICCOLO LANE NORTH RYDE
02/05/2019,"-10.00",VISA DEBIT PURCHASE CARD 3076 DEVONSHIRE ST.NEWSAG SURRY HILLS
02/05/2019,"-9.50",VISA DEBIT PURCHASE CARD 3076 WHITE HORSE HOTEL SURRY HILLS
02/05/2019,"-9.50",VISA DEBIT PURCHASE CARD 3076 MEZZE KEBABS ST LEONARDS
02/05/2019,"-4.99",VISA DEBIT PURCHASE CARD 3076 LILAC NSW PTY LTD SURRY HILLS
02/05/2019,"-28.00",VISA DEBIT PURCHASE CARD 3076 CIGNALL SURRY HILLS SURRY HILLS
01/05/2019,"-9.20",VISA DEBIT PURCHASE CARD 3076 PICCOLO LANE NORTH RYDE
01/05/2019,"-5.99",VISA DEBIT PURCHASE CARD 3076 SPOTIFY P0AA226593 SYDNEY
30/04/2019,"175.23",TRANSFER FROM WHITEHORSE HOTEL WAGES WHITEHORSE
30/04/2019,"-42.98",VISA DEBIT PURCHASE CARD 3076 CHEMIST WAREHOUSE SURREY HILLS
29/04/2019,"-5.99",VISA DEBIT PURCHASE CARD 3076 APPLE ITUNES STORE SYDNEY
29/04/2019,"250.00",PAYMENT FROM Kalina
29/04/2019,"-19.00",VISA DEBIT PURCHASE CARD 3076 WHITE HORSE HOTEL SURRY HILLS
29/04/2019,"-4.30",VISA DEBIT PURCHASE CARD 3076 BOURKE ST BAKERY P L SURRY HILLS
29/04/2019,"-5.00",VISA DEBIT PURCHASE CARD 3076 COCA COLA AMATIL SYDNEY
26/04/2019,"23.00",PAYMENT FROM JOHANNSEN H xx
26/04/2019,"-4.55",VISA DEBIT PURCHASE CARD 3076 FOUR FRGS CREP RWK P RANDWICK
26/04/2019,"-9.98",VISA DEBIT PURCHASE CARD 3076 EZYMART THE SPOT PL RANDWICK
23/04/2019,"-12.99",VISA DEBIT PURCHASE CARD 3076 CHEMIST WAREHOUSE SURREY HILLS
23/04/2019,"-5.50",VISA DEBIT PURCHASE CARD 3076 CHEMIST WAREHOUSE SURREY HILLS
23/04/2019,"-385.69",ANZ M-BANKING FUNDS TFER TRANSFER 419485  TO  012487407829427
23/04/2019,"75.00",ANZ M-BANKING FUNDS TFER TRANSFER 419580  FROM       407829427
23/04/2019,"-7.00",VISA DEBIT PURCHASE CARD 3076 YHH INVESTMENTS PTY NORTH RYDE
23/04/2019,"-11.00",VISA DEBIT PURCHASE CARD 3076 GOLDEN PIDE SURRY HILLS
18/04/2019,"-59.50",VISA DEBIT PURCHASE CARD 3076 MCGRAW- HILL EDUCATION SINGAPORE 609
16/04/2019,"-50.00",ANZ INTERNET BANKING PAYMENT 835086 TO Uber Driver
16/04/2019,"373.48",TRANSFER FROM WHITEHORSE HOTEL WAGES WHITEHORSE
16/04/2019,"67.74",ANZ M-BANKING FUNDS TFER TRANSFER 078208  FROM       407829427
16/04/2019,"-140.00",VISA DEBIT PURCHASE CARD 3076 GOLD CARWASH & CAFE ALEXANDRIA
15/04/2019,"-32.00",VISA DEBIT PURCHASE CARD 3076 WHITE HORSE HOTEL SURRY HILLS
15/04/2019,"-4.99",VISA DEBIT PURCHASE CARD 3076 LILAC NSW PTY LTD SURRY HILLS
15/04/2019,"200.00",ANZ M-BANKING FUNDS TFER TRANSFER 719653  FROM       420802616
15/04/2019,"40.00",ANZ M-BANKING FUNDS TFER TRANSFER 519695  FROM       407829427
15/04/2019,"-4.99",VISA DEBIT PURCHASE CARD 3076 LILAC NSW PTY LTD SURRY HILLS
15/04/2019,"-4.99",VISA DEBIT PURCHASE CARD 3076 LILAC NSW PTY LTD SURRY HILLS
15/04/2019,"-52.98",VISA DEBIT PURCHASE CARD 3076 CHEMIST WAREHOUSE SURREY HILLS
12/04/2019,"-0.08",DEBIT INTEREST CHARGED
12/04/2019,"10.00",ANZ M-BANKING FUNDS TFER TRANSFER 117949  FROM       407829427
12/04/2019,"-13.00",VISA DEBIT PURCHASE CARD 3076 TARA AUSTRALIA PTY LTD SURRY HILLS
10/04/2019,"-41.75",VISA DEBIT PURCHASE CARD 3076 COLES 0805 REDFERN
10/04/2019,"-27.95",VISA DEBIT PURCHASE CARD 3076 BLOOMS THE CHEMIST S SURRY HILLS
09/04/2019,"-392.74",ANZ M-BANKING FUNDS TFER TRANSFER 737121  TO  012487407829427
09/04/2019,"-110.00",ANZ M-BANKING FUNDS TFER TRANSFER 736696  TO  012125420802616
09/04/2019,"487.82",TRANSFER FROM WHITEHORSE HOTEL WAGES WHITEHORSE
09/04/2019,"75.00",ANZ M-BANKING FUNDS TFER TRANSFER 737282  FROM       407829427
09/04/2019,"20.00",ANZ M-BANKING FUNDS TFER TRANSFER 397711  FROM       420802616
09/04/2019,"-4.00",VISA DEBIT PURCHASE CARD 3076 THE VERNON WOOLLAHRA
09/04/2019,"-4.00",VISA DEBIT PURCHASE CARD 3076 SANDWICH&CO NEWTOWN
08/04/2019,"118.30",ANZ M-BANKING FUNDS TFER TRANSFER 765266  FROM       407829427
08/04/2019,"30.00",ANZ M-BANKING FUNDS TFER TRANSFER 229363  FROM       420802616
08/04/2019,"30.00",ANZ M-BANKING FUNDS TFER TRANSFER 229718  FROM       420802616
08/04/2019,"30.00",ANZ M-BANKING FUNDS TFER TRANSFER 765606  FROM       420802616
08/04/2019,"23.34",ANZ M-BANKING FUNDS TFER TRANSFER 765574  FROM       407829427
08/04/2019,"-171.89",VISA DEBIT PURCHASE CARD 3076 WWW.NORDVPN.COM HTTPSWWW.NORD 118.31 USD INC O/S FEE $5.00
08/04/2019,"-151.00",VISA DEBIT PURCHASE CARD 3076 MACQUARIE UNIVERSITY MACQUARIE UNI
08/04/2019,"-18.00",VISA DEBIT PURCHASE CARD 3076 WHITE HORSE HOTEL SURRY HILLS
08/04/2019,"-24.00",VISA DEBIT PURCHASE CARD 3076 PAYPAL *ALL INTO 4029357733
08/04/2019,"-17.98",VISA DEBIT PURCHASE CARD 3076 PAYPAL *WELLBEING 4029357733
08/04/2019,"-1.80",VISA DEBIT PURCHASE CARD 3076 PAYPAL *EBAY AU GST 4029357733
05/04/2019,"151.00",ANZ M-BANKING FUNDS TFER TRANSFER 407768  FROM       407829427
04/04/2019,"-4.18",VISA DEBIT PURCHASE CARD 3076 CUCKOO CALLAY SURRY HILLS
03/04/2019,"-19.95",VISA DEBIT PURCHASE CARD 3076 PAYPAL *TTU82 4029357733
02/04/2019,"75.00",ANZ M-BANKING FUNDS TFER TRANSFER 483203  FROM       407829427
01/04/2019,"19.95",ANZ M-BANKING FUNDS TFER TRANSFER 375353  FROM       407829427
01/04/2019,"-151.00",ANZ M-BANKING FUNDS TFER TRANSFER 982113  TO  012487407829427
01/04/2019,"-9.13",VISA DEBIT PURCHASE CARD 3076 CITYHEROES SYDNEY
01/04/2019,"-5.99",VISA DEBIT PURCHASE CARD 3076 SPOTIFY P0A2AD63D0 SYDNEY
01/04/2019,"-0.96",VISA DEBIT PURCHASE CARD 3076 APPLE PTY LIMITED SYDNEY
01/04/2019,"-15.80",VISA DEBIT PURCHASE CARD 3076 SAMBAL MALAYSIAN NORTH RYDE
01/04/2019,"-4.00",VISA DEBIT PURCHASE CARD 3076 CULT HOSPITALITY PTY NORTH RYDE
01/04/2019,"-16.95",VISA DEBIT PURCHASE CARD 3076 SURRY HILLS PHARMACY SURRY HILLS
01/04/2019,"-707.23",VISA DEBIT PURCHASE CARD 3076 FREELANCER.COM PYRMONT
01/04/2019,"-23.63",VISA DEBIT PURCHASE CARD 3076 FREELANCER.COM PYRMONT
01/04/2019,"-1.46",VISA DEBIT PURCHASE CARD 3076 FREELANCER.COM PYRMONT
29/03/2019,"151.00",TRANSFER FROM ROSS RAMSAY      FOR UNI FEE
29/03/2019,"-5.30",VISA DEBIT PURCHASE CARD 3076 U BAR NORTH RYDE
29/03/2019,"-34.99",VISA DEBIT PURCHASE CARD 3076 SURRY HILLS FINE WIN SURRY HILLS
28/03/2019,"-4.30",VISA DEBIT PURCHASE CARD 3076 BOURKE ST BAKERY P L SURRY HILLS
28/03/2019,"-4.00",VISA DEBIT PURCHASE CARD 3076 CULT HOSPITALITY PTY NORTH RYDE
27/03/2019,"25.10",ANZ M-BANKING FUNDS TFER TRANSFER 709804  FROM       407829427
27/03/2019,"16.95",ANZ M-BANKING FUNDS TFER TRANSFER 710135  FROM       407829427
27/03/2019,"-13.50",VISA DEBIT PURCHASE CARD 3076 IPEK PTY LTD SURRY HILLS
26/03/2019,"-397.69",ANZ M-BANKING FUNDS TFER TRANSFER 693421  TO  012487407829427
26/03/2019,"700.00",ANZ M-BANKING FUNDS TFER TRANSFER 950218  FROM       407829427
26/03/2019,"397.69",TRANSFER FROM WHITEHORSE HOTEL WAGES WHITEHORSE
26/03/2019,"75.00",ANZ M-BANKING FUNDS TFER TRANSFER 693745  FROM       407829427
25/03/2019,"-155.25",ANZ M-BANKING FUNDS TFER TRANSFER 528299  TO  012487407829427
25/03/2019,"-144.75",VISA DEBIT PURCHASE CARD 3076 WHITE HORSE HOTEL SURRY HILLS
25/03/2019,"-14.50",VISA DEBIT PURCHASE CARD 3076 WHITE HORSE HOTEL SURRY HILLS
25/03/2019,"-4.18",VISA DEBIT PURCHASE CARD 3076 CUCKOO CALLAY SURRY HILLS
25/03/2019,"300.00",ANZ M-BANKING FUNDS TFER TRANSFER 035355  FROM       407829427
25/03/2019,"-4.30",VISA DEBIT PURCHASE CARD 3076 BOURKE ST BAKERY P L SURRY HILLS
25/03/2019,"-4.30",VISA DEBIT PURCHASE CARD 3076 BOURKE ST BAKERY P L SURRY HILLS
22/03/2019,"-13.50",VISA DEBIT PURCHASE CARD 3076 LITTLE ASIA MACQUARIE PAR
22/03/2019,"-6.10",VISA DEBIT PURCHASE CARD 3076 U AT MQ LTD NORTH RYDE
22/03/2019,"-4.10",VISA DEBIT PURCHASE CARD 3076 SHOP 2 NORTH RYDE
21/03/2019,"-170.00",VISA DEBIT PURCHASE CARD 3076 EYES AND LOOKS SURRY HILLS
21/03/2019,"-12.00",VISA DEBIT PURCHASE CARD 3076 GC FINE FOODS PTY LTD NORTH RYDE
20/03/2019,"180.00",ANZ M-BANKING FUNDS TFER TRANSFER 948614  FROM       407829427
20/03/2019,"-4.10",VISA DEBIT PURCHASE CARD 3076 PICCOLO LANE NORTH RYDE
20/03/2019,"-12.00",VISA DEBIT PURCHASE CARD 3076 GC FINE FOODS PTY LTD NORTH RYDE
19/03/2019,"-468.77",ANZ M-BANKING FUNDS TFER TRANSFER 257595  TO  012487407829427
19/03/2019,"427.84",TRANSFER FROM WHITEHORSE HOTEL WAGES WHITEHORSE
19/03/2019,"75.00",ANZ M-BANKING FUNDS TFER TRANSFER 257852  FROM       407829427
19/03/2019,"-14.70",VISA DEBIT PURCHASE CARD 3076 WOOLWORTHS 1905 BROADWAY
19/03/2019,"-190.00",VISA DEBIT PURCHASE CARD 3076 EYES AND LOOKS SURRY HILLS
18/03/2019,"-350.00",ANZ M-BANKING FUNDS TFER TRANSFER 839049  TO  012487407829427
18/03/2019,"346.00",TRANSFER FROM ROSS RAMSAY      FROM ROSS
18/03/2019,"15.00",TRANSFER FROM ASHWIN REITMANS  FOOD
18/03/2019,"-100.00",ANZ M-BANKING FUNDS TFER TRANSFER 224400  TO  012487407829427
18/03/2019,"-4.00",VISA DEBIT PURCHASE CARD 3076 CULT HOSPITALITY PTY NORTH RYDE
15/03/2019,"-12.40",VISA DEBIT PURCHASE CARD 3076 ALIBABA MACQUARIE MACQUARIE PAR
15/03/2019,"-14.80",VISA DEBIT PURCHASE CARD 3076 SAMBAL MALAYSIAN NORTH RYDE
15/03/2019,"-7.60",VISA DEBIT PURCHASE CARD 3076 RETAIL JUICE BARS PTY NORTH RYDE
14/03/2019,"-4.40",VISA DEBIT PURCHASE CARD 3076 MACQ UNI HOSPITAL MACQUARIE PAR
14/03/2019,"-14.80",VISA DEBIT PURCHASE CARD 3076 SAMBAL MALAYSIAN NORTH RYDE
13/03/2019,"-0.01",DEBIT INTEREST CHARGED
13/03/2019,"-14.00",VISA DEBIT PURCHASE CARD 3076 U AT MQ LTD SHOP NORTH RYDE
13/03/2019,"-11.00",VISA DEBIT PURCHASE CARD 3076 IPEK PTY LTD SURRY HILLS
13/03/2019,"-14.00",VISA DEBIT PURCHASE CARD 3076 GOLDEN PIDE SURRY HILLS
12/03/2019,"396.48",TRANSFER FROM WHITEHORSE HOTEL WAGES WHITEHORSE
12/03/2019,"20.00",ANZ M-BANKING FUNDS TFER TRANSFER 626945  FROM       407829427
12/03/2019,"-7.68",VISA DEBIT PURCHASE CARD 3076 CUCKOO CALLAY SURRY HILLS
12/03/2019,"-15.00",VISA DEBIT PURCHASE CARD 3076 DNL GROUP PTY LTD SURRY HILLS
12/03/2019,"-34.00",VISA DEBIT PURCHASE CARD 3076 UBER *EATS HELP.UBER.COM
11/03/2019,"20.00",ANZ M-BANKING FUNDS TFER TRANSFER 152438  FROM       407829427
11/03/2019,"10.00",ANZ M-BANKING FUNDS TFER TRANSFER 927232  FROM       407829427
11/03/2019,"-60.00",ANZ ATM CARD 3076
11/03/2019,"40.00",ANZ M-BANKING FUNDS TFER TRANSFER 609347  FROM       407829427
11/03/2019,"20.00",ANZ M-BANKING FUNDS TFER TRANSFER 612367  FROM       407829427
11/03/2019,"-13.90",VISA DEBIT PURCHASE CARD 3076 JEWEL RESTAURANTS PTY MACQUARIE UNI
08/03/2019,"-180.00",ANZ M-BANKING FUNDS TFER TRANSFER 483552  TO  012487407829427
08/03/2019,"-7.20",VISA DEBIT PURCHASE CARD 3076 PICCOLO LANE NORTH RYDE
07/03/2019,"-5.50",VISA DEBIT PURCHASE CARD 3076 SUBWAY SNACKS SYDNEY
07/03/2019,"-4.30",VISA DEBIT PURCHASE CARD 3076 BOURKE ST BAKERY P L SURRY HILLS
07/03/2019,"-16.50",VISA DEBIT PURCHASE CARD 3076 GOLDEN PIDE SURRY HILLS
05/03/2019,"265.28",TRANSFER FROM WHITEHORSE HOTEL WAGES WHITEHORSE
05/03/2019,"-11.50",VISA DEBIT PURCHASE CARD 3076 HERO SUSHI BROADWAY BROADWAY
04/03/2019,"30.00",ANZ M-BANKING FUNDS TFER TRANSFER 873949  FROM       407829427
01/03/2019,"-11.99",VISA DEBIT PURCHASE CARD 3076 SPOTIFY P09B0BBB18 SYDNEY
01/03/2019,"-5.00",VISA DEBIT PURCHASE CARD 3076 METROPOLE CAFE SYDNEY
27/02/2019,"-750.00",ANZ M-BANKING FUNDS TFER TRANSFER 153614  TO  012487407829427
27/02/2019,"-38.16",VISA DEBIT PURCHASE CARD 3076 PAYPAL *STIPE GAMES 4029357733
26/02/2019,"765.78",TRANSFER FROM WHITEHORSE HOTEL WAGES WHITEHORSE
26/02/2019,"40.00",ANZ M-BANKING FUNDS TFER TRANSFER 688378  FROM       407829427
25/02/2019,"-100.00",VISA DEBIT PURCHASE CARD 3076 WHITE HORSE HOTEL SURRY HILLS
25/02/2019,"-23.50",VISA DEBIT PURCHASE CARD 3076 GOLDEN PIDE SURRY HILLS
25/02/2019,"-12.50",VISA DEBIT PURCHASE CARD 3076 HUNGRY GRASSHOPPER C HABERFIELD
25/02/2019,"-7.60",VISA DEBIT PURCHASE CARD 3076 RETAIL JUICE BARS PTY NORTH RYDE
25/02/2019,"-7.40",VISA DEBIT PURCHASE CARD 3076 RETAIL JUICE BARS PTY NORTH RYDE
22/02/2019,"110.00",ANZ M-BANKING FUNDS TFER TRANSFER 568010  FROM       407829427
22/02/2019,"10.00",ANZ M-BANKING FUNDS TFER TRANSFER 466259  FROM       407829427
22/02/2019,"-4.30",VISA DEBIT PURCHASE CARD 3076 BOURKE ST BAKERY P L SURRY HILLS
19/02/2019,"-550.00",ANZ M-BANKING FUNDS TFER TRANSFER 584122  TO  012487407829427
19/02/2019,"576.05",TRANSFER FROM WHITEHORSE HOTEL WAGES WHITEHORSE
19/02/2019,"-4.10",VISA DEBIT PURCHASE CARD 3076 PICCOLO LANE NORTH RYDE
19/02/2019,"-4.50",VISA DEBIT PURCHASE CARD 3076 CROWN STREET GROUP PTY SURRY HILLS
18/02/2019,"-50.00",ANZ M-BANKING PAYMENT TRANSFER 500752 TO DILHAN
18/02/2019,"35.00",ANZ M-BANKING FUNDS TFER TRANSFER 500626  FROM       407829427
18/02/2019,"20.00",ANZ M-BANKING FUNDS TFER TRANSFER 607155  FROM       407829427
18/02/2019,"-7.99",VISA DEBIT PURCHASE CARD 3076 PAYPAL *NETFLIX.COM 4029357733
18/02/2019,"-7.80",VISA DEBIT PURCHASE CARD 3076 BOURKE ST BAKERY P L SURRY HILLS
14/02/2019,"-38.00",VISA DEBIT PURCHASE CARD 3076 GOLDEN PIDE SURRY HILLS
13/02/2019,"10.00",REVERSAL OF DEBIT ENTRY
12/02/2019,"-650.00",ANZ M-BANKING FUNDS TFER TRANSFER 124148  TO  012487407829427
12/02/2019,"669.04",TRANSFER FROM WHITEHORSE HOTEL WAGES WHITEHORSE
12/02/2019,"-4.50",VISA DEBIT PURCHASE CARD 3076 BREWTOWN SURRY HILLS SURRY HILLS
12/02/2019,"-3.80",VISA DEBIT PURCHASE CARD 3076 MBAH PTY LTD NEWTOWN
11/02/2019,"30.00",ANZ M-BANKING FUNDS TFER TRANSFER 288530  FROM       407829427
11/02/2019,"20.00",ANZ M-BANKING FUNDS TFER TRANSFER 285410  FROM       407829427
11/02/2019,"-10.00",ANZ M-BANKING PAYMENT TRANSFER 419190 TO HUGO
11/02/2019,"-11.68",VISA DEBIT PURCHASE CARD 3076 CUCKOO CALLAY SURRY HILLS
08/02/2019,"-11.19",VISA DEBIT PURCHASE CARD 3076 MOJANG.COM STOCKHOLM
07/02/2019,"-7.40",VISA DEBIT PURCHASE CARD 3076 BOURKE ST BAKERY P L SURRY HILLS
06/02/2019,"-17.00",ANZ M-BANKING PAYMENT TRANSFER 765285 TO ASHWIN REITMANS
06/02/2019,"-10.95",VISA DEBIT PURCHASE CARD 3076 COLES 5691 MOSS VALE
06/02/2019,"-4.75",VISA DEBIT PURCHASE CARD 3076 COLES 5691 MOSS VALE
05/02/2019,"-450.00",ANZ M-BANKING FUNDS TFER TRANSFER 834426  TO  012487407829427
05/02/2019,"470.98",TRANSFER FROM WHITEHORSE HOTEL WAGES WHITEHORSE
05/02/2019,"50.00",ANZ M-BANKING FUNDS TFER TRANSFER 769968  FROM       407829427
05/02/2019,"-81.50",VISA DEBIT PURCHASE CARD 3076 WHITE HORSE HOTEL SURRY HILLS
04/02/2019,"30.00",ANZ M-BANKING FUNDS TFER TRANSFER 336985  FROM       407829427
04/02/2019,"60.00",ANZ M-BANKING FUNDS TFER TRANSFER 342041  FROM       407829427
04/02/2019,"-43.47",VISA DEBIT PURCHASE CARD 3076 PP*HUMBLEBUNDL HUMBLEBU 4029357733
01/02/2019,"-17.95",VISA DEBIT PURCHASE CARD 3076 PAYPAL *BARGEEK 4029357733
01/02/2019,"-14.99",VISA DEBIT PURCHASE CARD 3076 PAYPAL *TANSHANGTIA 4029357733
01/02/2019,"-9.22",VISA DEBIT PURCHASE CARD 3076 PAYPAL *HUDIEFEI 4029357733
01/02/2019,"-7.79",VISA DEBIT PURCHASE CARD 3076 PAYPAL *CHINATERA 4029357733
01/02/2019,"-1.50",VISA DEBIT PURCHASE CARD 3076 PAYPAL *EBAY AU GST 4029357733
01/02/2019,"-0.77",VISA DEBIT PURCHASE CARD 3076 PAYPAL *EBAY AU GST 4029357733
31/01/2019,"40.00",ANZ M-BANKING FUNDS TFER TRANSFER 244816  FROM       407829427
31/01/2019,"-11.99",VISA DEBIT PURCHASE CARD 3076 SPOTIFY P0949E3722 SYDNEY
31/01/2019,"-6.95",VISA DEBIT PURCHASE CARD 3076 MCDONALDS PLAZA SYDNEY
30/01/2019,"-816.33",ANZ M-BANKING FUNDS TFER TRANSFER 730173  TO  012487407829427
30/01/2019,"20.00",ANZ M-BANKING FUNDS TFER TRANSFER 068194  FROM       407829427
29/01/2019,"612.76",TRANSFER FROM WHITEHORSE HOTEL WAGES WHITEHORSE
29/01/2019,"200.00",ANZ M-BANKING FUNDS TFER TRANSFER 936526  FROM       407829427
29/01/2019,"50.00",ANZ M-BANKING FUNDS TFER TRANSFER 539884  FROM       407829427
29/01/2019,"10.00",ANZ M-BANKING FUNDS TFER TRANSFER 862926  FROM       407829427
25/01/2019,"-4.30",VISA DEBIT PURCHASE CARD 3076 BOURKE ST BAKERY P L SURRY HILLS
25/01/2019,"-11.00",VISA DEBIT PURCHASE CARD 3076 GOLDEN PIDE SURRY HILLS
23/01/2019,"-405.00",ANZ M-BANKING FUNDS TFER TRANSFER 086870  TO  012487407829427
22/01/2019,"-300.00",ANZ M-BANKING FUNDS TFER TRANSFER 268316  TO  012487407829427
22/01/2019,"386.31",TRANSFER FROM WHITEHORSE HOTEL WAGES WHITEHORSE
21/01/2019,"308.00",TRANSFER FROM CBA              KINECT  INVOICE
21/01/2019,"-13.00",VISA DEBIT PURCHASE CARD 3076 OCEAN HEART BRIGHTON-LE-S
21/01/2019,"-30.00",VISA DEBIT PURCHASE CARD 3076 BROADWAY'S SALON PL BROADWAY
21/01/2019,"-19.20",VISA DEBIT PURCHASE CARD 3076 NANDOS 200028 BROADWAY
18/01/2019,"-44.99",VISA DEBIT PURCHASE CARD 3076 H&M AUSTRALIA 0011 SYDNEY
18/01/2019,"-15.00",VISA DEBIT PURCHASE CARD 3076 LA PANCHINA PIZZA AND SURRY HILLS
18/01/2019,"-6.80",VISA DEBIT PURCHASE CARD 3076 GELATO MESSINA SR SURRY HILLS
18/01/2019,"-32.00",VISA DEBIT PURCHASE CARD 3076 GOLDEN PIDE SURRY HILLS
18/01/2019,"-16.00",VISA DEBIT PURCHASE CARD 3076 GOLDEN PIDE SURRY HILLS
17/01/2019,"5.50",TRANSFER FROM ASHWIN REITMANS  FOOD
16/01/2019,"100.00",ANZ M-BANKING FUNDS TFER TRANSFER 975267  FROM       407829427
16/01/2019,"50.00",ANZ M-BANKING FUNDS TFER TRANSFER 300585  FROM       407829427
16/01/2019,"-7.80",VISA DEBIT PURCHASE CARD 3076 BOURKE ST BAKERY P L SURRY HILLS
15/01/2019,"-620.75",ANZ M-BANKING FUNDS TFER TRANSFER 365307  TO  012487407829427
15/01/2019,"613.75",TRANSFER FROM WHITEHORSE HOTEL WAGES WHITEHORSE
15/01/2019,"30.00",ANZ M-BANKING FUNDS TFER TRANSFER 289279  FROM       407829427
15/01/2019,"20.00",ANZ M-BANKING FUNDS TFER TRANSFER 323769  FROM       407829427
15/01/2019,"5.00",ANZ M-BANKING FUNDS TFER TRANSFER 290643  FROM       407829427
14/01/2019,"-27.27",ANZ M-BANKING FUNDS TFER TRANSFER 309049  TO  012487407829427
14/01/2019,"-27.00",VISA DEBIT PURCHASE CARD 3076 WHITE HORSE HOTEL SURRY HILLS
14/01/2019,"40.00",ANZ M-BANKING FUNDS TFER TRANSFER 201539  FROM       407829427
14/01/2019,"-19.95",VISA DEBIT PURCHASE CARD 3076 CIGNALL SURRY HILLS SURRY HILLS
14/01/2019,"-2.50",VISA DEBIT PURCHASE CARD 3076 CIGNALL SURRY HILLS SURRY HILLS
11/01/2019,"20.00",ANZ M-BANKING FUNDS TFER TRANSFER 425978  FROM       407829427
11/01/2019,"-61.60",VISA DEBIT PURCHASE CARD 3076 UME RESTAURANT SURRY HILLS
11/01/2019,"-3.70",VISA DEBIT PURCHASE CARD 3076 COLES 0805 REDFERN
11/01/2019,"-4.30",VISA DEBIT PURCHASE CARD 3076 SQ *BLACK STAR PASTRY SYDNEY
10/01/2019,"60.00",ANZ M-BANKING FUNDS TFER TRANSFER 771483  FROM       407829427
10/01/2019,"-37.00",VISA DEBIT PURCHASE CARD 3076 WHITE HORSE HOTEL SURRY HILLS
10/01/2019,"-35.70",VISA DEBIT PURCHASE CARD 3076 MUJI SYDNEY
09/01/2019,"-9.50",VISA DEBIT PURCHASE CARD 3076 CLOCK HOTEL SURRY HILLS
09/01/2019,"-9.50",VISA DEBIT PURCHASE CARD 3076 CLOCK HOTEL SURRY HILLS
09/01/2019,"-5.30",VISA DEBIT PURCHASE CARD 3076 GELATO MESSINA SR SURRY HILLS
08/01/2019,"-370.00",ANZ M-BANKING FUNDS TFER TRANSFER 254791  TO  012487407829427
08/01/2019,"474.58",TRANSFER FROM WHITEHORSE HOTEL WAGES WHITEHORSE
07/01/2019,"-2300.00",ANZ M-BANKING FUNDS TFER TRANSFER 489150  TO  012487407829427
07/01/2019,"2310.00",CARD ENTRY AT SURRY HILLS BRANCH
07/01/2019,"-19.00",VISA DEBIT PURCHASE CARD 3076 WHITE HORSE HOTEL SURRY HILLS
03/01/2019,"32.00",TRANSFER FROM ROSS RAMSAY      FROM ROSS
02/01/2019,"-970.00",ANZ ATM CARD 3076
02/01/2019,"-8.99",VISA DEBIT PURCHASE CARD 3076 MALONEYS GROCER PTY SURRY HILLS
31/12/2018,"429.81",TRANSFER FROM WHITEHORSE HOTEL WAGES WHITEHORSE
31/12/2018,"-11.99",VISA DEBIT PURCHASE CARD 3076 SPOTIFY P08E16163E SYDNEY
31/12/2018,"-9.50",VISA DEBIT PURCHASE CARD 3076 WHITE HORSE HOTEL SURRY HILLS
31/12/2018,"-4.00",VISA DEBIT PURCHASE CARD 3076 COCA-COLA AMATIL MOSS VALE
27/12/2018,"-16.74",VISA DEBIT PURCHASE CARD 3076 PALACE C CHIPPENDALE CHIPPENDALE
27/12/2018,"-12.00",VISA DEBIT PURCHASE CARD 3076 LALA MALAYSIAN CHIPPENDALE
24/12/2018,"360.46",TRANSFER FROM WHITEHORSE HOTEL WAGES WHITEHORSE
24/12/2018,"192.27",TRANSFER FROM WHITEHORSEHOTEL  WAGES WHITEHORSE
24/12/2018,"-9.50",VISA DEBIT PURCHASE CARD 3076 WHITE HORSE HOTEL SURRY HILLS
24/12/2018,"-4.50",VISA DEBIT PURCHASE CARD 3076 CROWNS CONVENIENCE SURRY HILLS
20/12/2018,"-69.00",VISA DEBIT PURCHASE CARD 3076 ANACONDA KENSINGTON
20/12/2018,"-14.90",VISA DEBIT PURCHASE CARD 3076 THE ORIG CHISH &FIPS COGEE BEACH
18/12/2018,"-2.84",VISA DEBIT PURCHASE CARD 3076 SEASALT CAFE 2 CLOVELLY
18/12/2018,"-16.80",VISA DEBIT PURCHASE CARD 3076 FORTUNE PARADISE PTY ULTIMO
18/12/2018,"-4.50",VISA DEBIT PURCHASE CARD 3076 CROWNS CONVENIENCE SURRY HILLS
17/12/2018,"-68.13",VISA DEBIT PURCHASE CARD 3076 PAYPAL *TECHSPRES 4029357733
17/12/2018,"-6.81",VISA DEBIT PURCHASE CARD 3076 PAYPAL *EBAY AU GST 4029357733
12/12/2018,"-4.00",VISA DEBIT PURCHASE CARD 3076 GUMPTION COFFEE SYDNEY
12/12/2018,"-84.80",VISA DEBIT PURCHASE CARD 3076 JB HI FI BROADWAY BROADWAY
10/12/2018,"182.80",TRANSFER FROM ROSS RAMSAY      FROM ROSS
10/12/2018,"-2.00",VISA DEBIT PURCHASE CARD 3076 SURRYHILLSLIBRARY MON SURRY HILLS
06/12/2018,"110.00",TRANSFER FROM ROSS RAMSAY      RCT
06/12/2018,"-110.00",VISA DEBIT PURCHASE CARD 3076 TCP TRAINING PTY LTD SYDNEY
05/12/2018,"-41.01",VISA DEBIT PURCHASE CARD 3076 MIAO AUST PTY LTD HURSTVILLE
03/12/2018,"-11.99",VISA DEBIT PURCHASE CARD 3076 SPOTIFY P0875BAFCA SYDNEY
28/11/2018,"138.00",TRANSFER FROM ROSS RAMSAY      NICK RAMSAY
28/11/2018,"64.00",TRANSFER FROM CBA              PAYMENT OF INVOICE
22/11/2018,"-9.65",VISA DEBIT PURCHASE CARD 3076 MCDONALDS THE STRAND SYDNEY
19/11/2018,"-262.79",VISA DEBIT PURCHASE CARD 3076 PAYPAL *MARYWANJAHI 4029357733
16/11/2018,"-38.00",VISA DEBIT PURCHASE CARD 3076 JB HI FI BROADWAY BROADWAY
14/11/2018,"-2.96",VISA DEBIT PURCHASE CARD 3076 NAME-CHEAP.COM WWW.NAMECHEAP 2.06 USD INC O/S FEE $0.08
13/11/2018,"155.00",TRANSFER FROM ROSS RAMSAY      NICKOOOOOOOH
13/11/2018,"64.00",TRANSFER FROM ROSS RAMSAY      S
08/11/2018,"0.12",TRANSFER FROM PAYPAL AUSTRALIA 1004213071616
08/11/2018,"0.02",TRANSFER FROM PAYPAL AUSTRALIA 1004213071612
05/11/2018,"-67.98",VISA DEBIT PURCHASE CARD 3076 PAYPAL *DANIUNO 4029357733
01/10/2018,"-18.40",VISA DEBIT PURCHASE CARD 3076 NAME-CHEAP.COM WWW.NAMECHEAP 12.86 USD INC O/S FEE $0.53
01/10/2018,"-5.55",VISA DEBIT PURCHASE CARD 3076 NAME-CHEAP.COM WWW.NAMECHEAP 3.88 USD INC O/S FEE $0.16
24/09/2018,"-4.00",VISA DEBIT PURCHASE CARD 3076 PHILADELPHIA CONVENIEN SURRY HILLS
24/09/2018,"-50.00",VISA DEBIT PURCHASE CARD 3076 GENERAL PANTS 64 BROADWAY
24/09/2018,"-30.00",VISA DEBIT PURCHASE CARD 3076 BROADWAY'S SALON PL BROADWAY
31/08/2018,"267.00",TRANSFER FROM ROSS RAMSAY      ALLOWANCE
23/07/2018,"-3.04",VISA DEBIT PURCHASE CARD 3076 PHILADELPHIA CONVENIEN SURRY HILLS
10/07/2018,"-2.04",VISA DEBIT PURCHASE CARD 3076 LLOYDS IGA NEWTOWN
06/07/2018,"-44.19",VISA DEBIT PURCHASE CARD 3076 ALDI STORES - ASHFIELD ASHFIELD
05/07/2018,"-4.00",VISA DEBIT PURCHASE CARD 3076 7-ELEVEN 2020 HURLSTONE PAR
03/07/2018,"-8.95",VISA DEBIT PURCHASE CARD 3076 NANDOS 200028 BROADWAY
02/07/2018,"-2.50",VISA DEBIT PURCHASE CARD 3076 COLES EXPRESS 1698 ULTIMO
02/07/2018,"-3.50",VISA DEBIT PURCHASE CARD 3076 MOUNTAIN ST CAFE ULTIMO
29/06/2018,"-4.00",VISA DEBIT PURCHASE CARD 3076 COLES EXPRESS 1698 ULTIMO
29/06/2018,"-3.00",VISA DEBIT PURCHASE CARD 3076 MOUNTAIN ST CAFE ULTIMO
28/06/2018,"-4.70",VISA DEBIT PURCHASE CARD 3076 COLES EXPRESS 1698 ULTIMO
28/06/2018,"-2.00",VISA DEBIT PURCHASE CARD 3076 COLES EXPRESS 1698 ULTIMO
28/06/2018,"-28.12",VISA DEBIT PURCHASE CARD 3076 ALDI STORES - BROADWAY BROADWAY
27/06/2018,"-17.50",VISA DEBIT PURCHASE CARD 3076 OPORTO BROADWAY BROADWAY
26/06/2018,"-4.00",VISA DEBIT PURCHASE CARD 3076 COLES EXPRESS 1698 ULTIMO
22/06/2018,"-2.50",VISA DEBIT PURCHASE CARD 3076 COLES EXPRESS 1698 ULTIMO
22/06/2018,"-26.37",VISA DEBIT PURCHASE CARD 3076 ERASHAI ULTIMO
22/06/2018,"-6.45",VISA DEBIT PURCHASE CARD 3076 FUSION MINI MARKET ULTIMO
20/06/2018,"-2.50",VISA DEBIT PURCHASE CARD 3076 COLES EXPRESS 1698 ULTIMO
20/06/2018,"-2.00",VISA DEBIT PURCHASE CARD 3076 COLES EXPRESS 1698 ULTIMO
20/06/2018,"-7.90",VISA DEBIT PURCHASE CARD 3076 SUBWAY BROADWAY ULTIMO
20/06/2018,"-7.00",VISA DEBIT PURCHASE CARD 3076 FUSION EXPRESSO PTY ULTIMO
18/06/2018,"-4.50",VISA DEBIT PURCHASE CARD 3076 COLES EXPRESS 1698 ULTIMO
18/06/2018,"-4.30",VISA DEBIT PURCHASE CARD 3076 COLES EXPRESS 1698 ULTIMO
15/06/2018,"-3.30",VISA DEBIT PURCHASE CARD 3076 COLES EXPRESS 1698 ULTIMO
15/06/2018,"-2.50",VISA DEBIT PURCHASE CARD 3076 COLES EXPRESS 1698 ULTIMO
14/06/2018,"-3.00",VISA DEBIT PURCHASE CARD 3076 COLES EXPRESS 1698 ULTIMO
14/06/2018,"-2.00",VISA DEBIT PURCHASE CARD 3076 COLES EXPRESS 1698 ULTIMO
14/06/2018,"-0.80",VISA DEBIT PURCHASE CARD 3076 COLES EXPRESS 1698 ULTIMO
14/06/2018,"-3.90",VISA DEBIT PURCHASE CARD 3076 MOUNTAIN ST CAFE ULTIMO
14/06/2018,"-3.00",VISA DEBIT PURCHASE CARD 3076 MOUNTAIN ST CAFE ULTIMO
13/06/2018,"59.85",ANZ INTERNET BANKING TRANSFER 10189210/06/2018    SCHNITZ HR PTY L
11/06/2018,"-5.00",VISA DEBIT PURCHASE CARD 3076 JBW INTERNATIONAL PT SYDNEY
11/06/2018,"-15.70",VISA DEBIT PURCHASE CARD 3076 NANDOS 200028 BROADWAY
11/06/2018,"-3.50",VISA DEBIT PURCHASE CARD 3076 FUSION EXPRESSO PTY ULTIMO
08/06/2018,"-4.30",VISA DEBIT PURCHASE CARD 3076 COLES EXPRESS 1698 ULTIMO
08/06/2018,"-3.50",VISA DEBIT PURCHASE CARD 3076 FUSION EXPRESSO PTY ULTIMO
08/06/2018,"-3.00",VISA DEBIT PURCHASE CARD 3076 MOUNTAIN ST CAFE ULTIMO
07/06/2018,"-19.75",VISA DEBIT PURCHASE CARD 3076 SUBWAY BROADWAY ULTIMO
06/06/2018,"59.85",ANZ INTERNET BANKING TRANSFER 1018923/06/2018     SCHNITZ HR PTY L
06/06/2018,"-4.00",VISA DEBIT PURCHASE CARD 3076 THE BLACK GROODLE ULTIMO
06/06/2018,"-3.90",VISA DEBIT PURCHASE CARD 3076 MOUNTAIN ST CAFE ULTIMO
06/06/2018,"-4.00",VISA DEBIT PURCHASE CARD 3076 CAFE GNOME PTY LTD SURRY HILLS
06/06/2018,"-4.00",VISA DEBIT PURCHASE CARD 3076 MCDONALDS BROADWAY SYDNEY
04/06/2018,"-4.00",VISA DEBIT PURCHASE CARD 3076 JBW INTERNATIONAL PT SYDNEY
04/06/2018,"-6.50",VISA DEBIT PURCHASE CARD 3076 MOUNTAIN ST CAFE ULTIMO
04/06/2018,"-5.00",VISA DEBIT PURCHASE CARD 3076 MOUNTAIN ST CAFE ULTIMO
01/06/2018,"-8.50",VISA DEBIT PURCHASE CARD 3076 MOUNTAIN ST CAFE ULTIMO
01/06/2018,"-4.00",VISA DEBIT PURCHASE CARD 3076 FUSION EXPRESSO PTY ULTIMO
01/06/2018,"-2.50",VISA DEBIT PURCHASE CARD 3076 FUSION MINI MARKET ULTIMO
31/05/2018,"-8.00",VISA DEBIT PURCHASE CARD 3076 MOUNTAIN ST CAFE ULTIMO
30/05/2018,"53.64",ANZ INTERNET BANKING TRANSFER 10189227/05/2018    SCHNITZ HR PTY L
30/05/2018,"-8.50",VISA DEBIT PURCHASE CARD 3076 MOUNTAIN ST CAFE ULTIMO
30/05/2018,"-5.00",VISA DEBIT PURCHASE CARD 3076 CROWNS CONVENIENCE SURRY HILLS
29/05/2018,"-13.94",VISA DEBIT PURCHASE CARD 3076 UNITED ALLIANCE PL NEWTOWN
28/05/2018,"-35.00",VISA DEBIT PURCHASE CARD 3076 DENDY CINEMA PTY LTD CANBERRA
28/05/2018,"-3.00",VISA DEBIT PURCHASE CARD 3076 JBW INTERNATIONAL PT SYDNEY
28/05/2018,"-13.30",VISA DEBIT PURCHASE CARD 3076 ERASHAI ULTIMO
28/05/2018,"-3.50",VISA DEBIT PURCHASE CARD 3076 THE BLACK GROODLE ULTIMO
28/05/2018,"-15.70",VISA DEBIT PURCHASE CARD 3076 NANDOS 200028 BROADWAY
28/05/2018,"-3.50",VISA DEBIT PURCHASE CARD 3076 THE BLACK GROODLE ULTIMO
25/05/2018,"-12.50",VISA DEBIT PURCHASE CARD 3076 OPORTO BROADWAY BROADWAY
23/05/2018,"-14.90",VISA DEBIT PURCHASE CARD 3076 SCHNITZ BROADWAY PTY BROADWAY
22/05/2018,"-2.00",VISA DEBIT PURCHASE CARD 3076 COLES 0839 BROADWAY
16/05/2018,"59.85",ANZ INTERNET BANKING TRANSFER 10189213/05/2018    SCHNITZ HR PTY L
16/05/2018,"-13.00",VISA DEBIT PURCHASE CARD 3076 OPORTO BROADWAY BROADWAY
16/05/2018,"-7.00",VISA DEBIT PURCHASE CARD 3076 MOUNTAIN ST CAFE ULTIMO
15/05/2018,"-7.80",VISA DEBIT PURCHASE CARD 3076 SCHNITZ WORLD SQUARE SYDNEY
14/05/2018,"-3.90",VISA DEBIT PURCHASE CARD 3076 MOUNTAIN ST CAFE ULTIMO
14/05/2018,"-13.00",VISA DEBIT PURCHASE CARD 3076 GUZMAN Y GOMEZ BROADWA BROADWAY
14/05/2018,"-7.00",VISA DEBIT PURCHASE CARD 3076 MOUNTAIN ST CAFE ULTIMO
11/05/2018,"-12.50",VISA DEBIT PURCHASE CARD 3076 OPORTO BROADWAY BROADWAY
11/05/2018,"-0.50",VISA DEBIT PURCHASE CARD 3076 OPORTO BROADWAY BROADWAY
10/05/2018,"-6.50",VISA DEBIT PURCHASE CARD 3076 MOUNTAIN ST CAFE ULTIMO
09/05/2018,"53.64",ANZ INTERNET BANKING TRANSFER 1018926/05/2018     SCHNITZ HR PTY L
08/05/2018,"-16.80",VISA DEBIT PURCHASE CARD 3076 SCHNITZ WORLD SQUARE SYDNEY
08/05/2018,"-8.40",VISA DEBIT PURCHASE CARD 3076 SCHNITZ WORLD SQUARE SYDNEY
08/05/2018,"16.80",REV VISA DEBIT PURCHASE
07/05/2018,"-13.00",VISA DEBIT PURCHASE CARD 3076 GUZMAN Y GOMEZ BROADWA BROADWAY
07/05/2018,"-1.00",VISA DEBIT PURCHASE CARD 3076 COLES EXPRESS 1698 ULTIMO
07/05/2018,"-13.30",VISA DEBIT PURCHASE CARD 3076 ERASHAI ULTIMO
07/05/2018,"-4.00",VISA DEBIT PURCHASE CARD 3076 THE BLACK GROODLE ULTIMO
03/05/2018,"-12.50",VISA DEBIT PURCHASE CARD 3076 OPORTO BROADWAY BROADWAY
02/05/2018,"46.44",ANZ INTERNET BANKING TRANSFER 10189229/04/2018    SCHNITZ HR PTY L
02/05/2018,"-4.00",VISA DEBIT PURCHASE CARD 3076 MOUNTAIN ST CAFE ULTIMO
02/05/2018,"-3.00",VISA DEBIT PURCHASE CARD 3076 MOUNTAIN ST CAFE ULTIMO
30/04/2018,"-4.50",VISA DEBIT PURCHASE CARD 3076 CAFE GNOME PTY LTD SURRY HILLS
30/04/2018,"-4.30",VISA DEBIT PURCHASE CARD 3076 SCHNITZ WORLD SQUARE SYDNEY
27/04/2018,"-17.00",VISA DEBIT PURCHASE CARD 3076 RITZ CINEMA RANDWICK
27/04/2018,"-4.50",VISA DEBIT PURCHASE CARD 3076 RITZ CINEMA RANDWICK
26/04/2018,"-9.24",VISA DEBIT PURCHASE CARD 3076 BAT COUNTRY PTY LTD RANDWICK
26/04/2018,"-4.50",VISA DEBIT PURCHASE CARD 3076 CAFE GNOME PTY LTD SURRY HILLS
26/04/2018,"-4.50",VISA DEBIT PURCHASE CARD 3076 CAFE GNOME PTY LTD SURRY HILLS
17/04/2018,"-67.98",VISA DEBIT PURCHASE CARD 3076 KATHMANDU PTY LIMITE HOBART
17/04/2018,"-15.70",VISA DEBIT PURCHASE CARD 3076 NANDOS 200028 BROADWAY
16/04/2018,"-6.00",VISA DEBIT PURCHASE CARD 3076 THE BLACK GROODLE ULTIMO
16/04/2018,"-22.50",VISA DEBIT PURCHASE CARD 3076 OPORTO BROADWAY BROADWAY
13/04/2018,"-14.00",VISA DEBIT PURCHASE CARD 3076 GUZMAN Y GOMEZ BROADWA BROADWAY
12/04/2018,"-6.00",VISA DEBIT PURCHASE CARD 3076 THE BLACK GROODLE ULTIMO
11/04/2018,"40.23",ANZ INTERNET BANKING TRANSFER 1018928/04/2018     SCHNITZ HR PTY L
11/04/2018,"-14.70",VISA DEBIT PURCHASE CARD 3076 NANDOS 200028 BROADWAY
11/04/2018,"-4.00",VISA DEBIT PURCHASE CARD 3076 THE BLACK GROODLE ULTIMO
10/04/2018,"-54.50",VISA DEBIT PURCHASE CARD 3076 MAYA DA DHABA PTY LT SURRY HILLS
10/04/2018,"-8.85",VISA DEBIT PURCHASE CARD 3076 SCHNITZ WORLD SQUARE SYDNEY
09/04/2018,"-9.00",VISA DEBIT PURCHASE CARD 3076 MOUNTAIN ST CAFE ULTIMO
09/04/2018,"-4.00",VISA DEBIT PURCHASE CARD 3076 COLES EXPRESS 1698 ULTIMO
09/04/2018,"-75.30",VISA DEBIT PURCHASE CARD 3076 TICKETEK PTY LTD WEB SYDNEY
09/04/2018,"-15.70",VISA DEBIT PURCHASE CARD 3076 NANDOS 200028 BROADWAY
09/04/2018,"-15.50",VISA DEBIT PURCHASE CARD 3076 OPORTO BROADWAY BROADWAY
09/04/2018,"-7.00",VISA DEBIT PURCHASE CARD 3076 OPORTO BROADWAY BROADWAY
09/04/2018,"-6.00",VISA DEBIT PURCHASE CARD 3076 SUSHI WORLD GLEBE
05/04/2018,"-13.00",VISA DEBIT PURCHASE CARD 3076 GUZMAN Y GOMEZ BROADWA BROADWAY
05/04/2018,"-10.00",VISA DEBIT PURCHASE CARD 3076 OPORTO BROADWAY BROADWAY
05/04/2018,"-9.00",VISA DEBIT PURCHASE CARD 3076 SXW INTERNATIONAL GROU ULTIMO
05/04/2018,"-8.00",VISA DEBIT PURCHASE CARD 3076 CAFE GNOME PTY LTD SURRY HILLS
05/04/2018,"-3.75",VISA DEBIT PURCHASE CARD 3076 KFC DULWICH HILL DULWICH HILL
04/04/2018,"-16.00",VISA DEBIT PURCHASE CARD 3076 OPORTO BROADWAY BROADWAY
03/04/2018,"-4.00",VISA DEBIT PURCHASE CARD 3076 THE BLACK GROODLE ULTIMO
03/04/2018,"-8.50",VISA DEBIT PURCHASE CARD 3076 MOUNTAIN ST CAFE ULTIMO
03/04/2018,"-12.50",VISA DEBIT PURCHASE CARD 3076 OPORTO BROADWAY BROADWAY
29/03/2018,"-3.10",VISA DEBIT PURCHASE CARD 3076 COLES EXPRESS 1698 ULTIMO
28/03/2018,"53.64",ANZ INTERNET BANKING TRANSFER 10189225/03/2018    SCHNITZ HR PTY L
28/03/2018,"-11.25",VISA DEBIT PURCHASE CARD 3076 SCHNITZ BROADWAY PTY BROADWAY
28/03/2018,"-35.50",VISA DEBIT PURCHASE CARD 3076 GOLDEN PIDE SURRY HILLS
27/03/2018,"-11.00",VISA DEBIT PURCHASE CARD 3076 SCHNITZ WORLD SQUARE SYDNEY
27/03/2018,"-14.70",VISA DEBIT PURCHASE CARD 3076 NANDOS 200028 BROADWAY
26/03/2018,"275.50",TRANSFER FROM ROSS RAMSAY      FROM PAPA
26/03/2018,"-8.30",VISA DEBIT PURCHASE CARD 3076 COLES EXPRESS 1698 ULTIMO
26/03/2018,"-2.35",VISA DEBIT PURCHASE CARD 3076 COLES 0839 BROADWAY
26/03/2018,"-6.50",VISA DEBIT PURCHASE CARD 3076 MOUNTAIN ST CAFE ULTIMO
26/03/2018,"-5.50",VISA DEBIT PURCHASE CARD 3076 MOUNTAIN ST CAFE ULTIMO
26/03/2018,"-3.30",VISA DEBIT PURCHASE CARD 3076 MOUNTAIN ST CAFE ULTIMO
22/03/2018,"-8.91",VISA DEBIT PURCHASE CARD 3076 SCHNITZ BROADWAY PTY BROADWAY
21/03/2018,"-1.00",VISA DEBIT PURCHASE CARD 3076 COLES EXPRESS 1698 ULTIMO
19/03/2018,"-12.50",VISA DEBIT PURCHASE CARD 3076 GUZMAN Y GOMEZ BROADWA BROADWAY
19/03/2018,"-7.00",VISA DEBIT PURCHASE CARD 3076 CROWNS CONVENIENCE SURRY HILLS
19/03/2018,"-3.45",VISA DEBIT PURCHASE CARD 3076 MEEMMONJIL PTY LTD SURRY HILLS
19/03/2018,"-9.00",VISA DEBIT PURCHASE CARD 3076 SXW INTERNATIONAL GROU ULTIMO
14/03/2018,"-0.80",VISA DEBIT PURCHASE CARD 3076 7-ELEVEN 2081 BROADWAY
13/03/2018,"-3.10",VISA DEBIT PURCHASE CARD 3076 COLES EXPRESS 1698 ULTIMO
12/03/2018,"-3.90",VISA DEBIT PURCHASE CARD 3076 MOUNTAIN ST CAFE ULTIMO
12/03/2018,"-9.00",VISA DEBIT PURCHASE CARD 3076 SXW INTERNATIONAL GROU ULTIMO
12/03/2018,"-11.70",VISA DEBIT PURCHASE CARD 3076 GUZMAN Y GOMEZ BROADWA BROADWAY
09/03/2018,"-15.50",VISA DEBIT PURCHASE CARD 3076 OPORTO BROADWAY BROADWAY
09/03/2018,"-12.50",VISA DEBIT PURCHASE CARD 3076 OPORTO BROADWAY BROADWAY
08/03/2018,"-1.00",VISA DEBIT PURCHASE CARD 3076 COLES EXPRESS 1698 ULTIMO
07/03/2018,"66.05",ANZ INTERNET BANKING TRANSFER 1018924/03/2018     SCHNITZ HR PTY L
07/03/2018,"-9.00",VISA DEBIT PURCHASE CARD 3076 SXW INTERNATIONAL GROU ULTIMO
06/03/2018,"-9.30",VISA DEBIT PURCHASE CARD 3076 SCHNITZ WORLD SQUARE SYDNEY
05/03/2018,"-4.00",VISA DEBIT PURCHASE CARD 3076 COLES EXPRESS 1698 ULTIMO
05/03/2018,"-0.80",VISA DEBIT PURCHASE CARD 3076 7-ELEVEN 2086 GLEBE
05/03/2018,"-11.70",VISA DEBIT PURCHASE CARD 3076 GUZMAN Y GOMEZ BROADWA BROADWAY
05/03/2018,"-4.00",VISA DEBIT PURCHASE CARD 3076 THE BLACK GROODLE ULTIMO
05/03/2018,"-12.50",VISA DEBIT PURCHASE CARD 3076 OPORTO BROADWAY BROADWAY
02/03/2018,"-4.00",VISA DEBIT PURCHASE CARD 3076 MOUNTAIN ST CAFE ULTIMO
01/03/2018,"-9.00",VISA DEBIT PURCHASE CARD 3076 SXW INTERNATIONAL GROU ULTIMO
28/02/2018,"66.05",ANZ INTERNET BANKING TRANSFER 10189225/02/2018    SCHNITZ HR PTY L
28/02/2018,"-9.00",VISA DEBIT PURCHASE CARD 3076 SXW INTERNATIONAL GROU ULTIMO
28/02/2018,"-17.00",VISA DEBIT PURCHASE CARD 3076 GOLDEN PIDE SURRY HILLS
26/02/2018,"-35.00",VISA DEBIT PURCHASE CARD 3076 THE HOYTS CORPORATIO MOORE PARK
26/02/2018,"-5.00",VISA DEBIT PURCHASE CARD 3076 MOUNTAIN ST CAFE ULTIMO
26/02/2018,"-2.20",VISA DEBIT PURCHASE CARD 3076 MOUNTAIN ST CAFE ULTIMO
26/02/2018,"-4.00",VISA DEBIT PURCHASE CARD 3076 THE BLACK GROODLE ULTIMO
26/02/2018,"-12.50",VISA DEBIT PURCHASE CARD 3076 OPORTO BROADWAY BROADWAY
23/02/2018,"-4.00",VISA DEBIT PURCHASE CARD 3076 THE BLACK GROODLE ULTIMO
21/02/2018,"53.64",ANZ INTERNET BANKING TRANSFER 10189218/02/2018    SCHNITZ HR PTY L
21/02/2018,"-9.95",VISA DEBIT PURCHASE CARD 3076 SUBWAY BROADWAY ULTIMO
21/02/2018,"-5.00",VISA DEBIT PURCHASE CARD 3076 MOUNTAIN ST CAFE ULTIMO
20/02/2018,"-3.50",VISA DEBIT PURCHASE CARD 3076 COLES EXPRESS 1698 ULTIMO
20/02/2018,"-9.30",VISA DEBIT PURCHASE CARD 3076 SCHNITZ WORLD SQUARE SYDNEY
19/02/2018,"-5.00",VISA DEBIT PURCHASE CARD 3076 MOUNTAIN ST CAFE ULTIMO
19/02/2018,"-2.00",VISA DEBIT PURCHASE CARD 3076 COLES EXPRESS 1698 ULTIMO
19/02/2018,"-5.00",VISA DEBIT PURCHASE CARD 3076 MOUNTAIN ST CAFE ULTIMO
19/02/2018,"-5.00",VISA DEBIT PURCHASE CARD 3076 MOUNTAIN ST CAFE ULTIMO
19/02/2018,"-3.80",VISA DEBIT PURCHASE CARD 3076 MOUNTAIN ST CAFE ULTIMO
19/02/2018,"-12.50",VISA DEBIT PURCHASE CARD 3076 OPORTO BROADWAY BROADWAY
16/02/2018,"-3.00",VISA DEBIT PURCHASE CARD 3076 COLES EXPRESS 1698 ULTIMO
15/02/2018,"-2.00",VISA DEBIT PURCHASE CARD 3076 COLES EXPRESS 1698 ULTIMO
15/02/2018,"-5.00",VISA DEBIT PURCHASE CARD 3076 MOUNTAIN ST CAFE ULTIMO
14/02/2018,"109.49",ANZ INTERNET BANKING TRANSFER 10189211/02/2018    SCHNITZ HR PTY L
14/02/2018,"-3.60",VISA DEBIT PURCHASE CARD 3076 COLES 0839 BROADWAY
14/02/2018,"-14.70",VISA DEBIT PURCHASE CARD 3076 NANDOS 200028 BROADWAY
13/02/2018,"-1.50",VISA DEBIT PURCHASE CARD 3076 COLES EXPRESS 1698 ULTIMO
13/02/2018,"-9.30",VISA DEBIT PURCHASE CARD 3076 SCHNITZ WORLD SQUARE SYDNEY
13/02/2018,"-3.50",VISA DEBIT PURCHASE CARD 3076 JBW INTERNATIONAL PT SYDNEY
13/02/2018,"-9.30",VISA DEBIT PURCHASE CARD 3076 SCHNITZ WORLD SQUARE SYDNEY
12/02/2018,"200.00",TRANSFER FROM ROSS RAMSAY      FROM PAPA
12/02/2018,"-3.90",VISA DEBIT PURCHASE CARD 3076 MOUNTAIN ST CAFE ULTIMO
12/02/2018,"-3.50",VISA DEBIT PURCHASE CARD 3076 COLES EXPRESS 1698 ULTIMO
12/02/2018,"-17.80",VISA DEBIT PURCHASE CARD 3076 SCHNITZ BROADWAY PTY BROADWAY
09/02/2018,"-4.00",VISA DEBIT PURCHASE CARD 3076 THE BLACK GROODLE ULTIMO
08/02/2018,"-3.10",VISA DEBIT PURCHASE CARD 3076 COLES EXPRESS 1698 ULTIMO
08/02/2018,"-4.00",VISA DEBIT PURCHASE CARD 3076 THE BLACK GROODLE ULTIMO
07/02/2018,"-15.70",VISA DEBIT PURCHASE CARD 3076 NANDOS 200028 BROADWAY
07/02/2018,"-4.00",VISA DEBIT PURCHASE CARD 3076 THE BLACK GROODLE ULTIMO
06/02/2018,"-17.80",VISA DEBIT PURCHASE CARD 3076 SCHNITZ BROADWAY PTY BROADWAY
05/02/2018,"-30.06",VISA DEBIT PURCHASE CARD 3076 AMAZON MKTPLACE PMTS AMAZON.COM
05/02/2018,"-16.50",VISA DEBIT PURCHASE CARD 3076 LITTLE EVIE REDFERN REDFERN
05/02/2018,"-4.00",VISA DEBIT PURCHASE CARD 3076 THE BLACK GROODLE ULTIMO
05/02/2018,"-3.50",VISA DEBIT PURCHASE CARD 3076 FUSION MINI MARKET ULTIMO
05/02/2018,"-6.00",VISA DEBIT PURCHASE CARD 3076 FUSION EXPRESSO PTY ULTIMO
05/02/2018,"-3.50",VISA DEBIT PURCHASE CARD 3076 THE BLACK GROODLE ULTIMO
05/02/2018,"-12.50",VISA DEBIT PURCHASE CARD 3076 OPORTO BROADWAY BROADWAY
02/02/2018,"-3.10",VISA DEBIT PURCHASE CARD 3076 COLES EXPRESS 1698 ULTIMO
02/02/2018,"-3.00",VISA DEBIT PURCHASE CARD 3076 MOUNTAIN ST CAFE ULTIMO
02/02/2018,"-12.50",VISA DEBIT PURCHASE CARD 3076 OPORTO BROADWAY BROADWAY
01/02/2018,"-3.50",VISA DEBIT PURCHASE CARD 3076 COLES EXPRESS 1698 ULTIMO
01/02/2018,"-3.50",VISA DEBIT PURCHASE CARD 3076 MOUNTAIN ST CAFE ULTIMO
31/01/2018,"40.23",ANZ INTERNET BANKING TRANSFER 10189228/01/2018    SCHNITZ HR PTY L
24/01/2018,"40.23",ANZ INTERNET BANKING TRANSFER 10189221/01/2018    SCHNITZ HR PTY L
24/01/2018,"-4.30",VISA DEBIT PURCHASE CARD 3076 BOURKE ST BAKERY P L SURRY HILLS
19/01/2018,"-13.90",VISA DEBIT PURCHASE CARD 3076 ISTANBUL ON KING NEWTOWN
19/01/2018,"-9.50",VISA DEBIT PURCHASE CARD 3076 GOLDEN PIDE SURRY HILLS
18/01/2018,"-5.00",VISA DEBIT PURCHASE CARD 3076 JBW INTERNATIONAL PT SYDNEY
18/01/2018,"-12.20",VISA DEBIT PURCHASE CARD 3076 HJ CIRCULAR QUAY CIRCULAR QUAY
18/01/2018,"-6.49",VISA DEBIT PURCHASE CARD 3076 STEAMGAMES.COM HAMBURG 5.00 USD INC O/S FEE $0.18
17/01/2018,"78.46",ANZ INTERNET BANKING TRANSFER 10189214/01/2018    SCHNITZ HR PTY L
16/01/2018,"-7.55",VISA DEBIT PURCHASE CARD 3076 SCHNITZ WORLD SQUARE SYDNEY
15/01/2018,"-4.00",VISA DEBIT PURCHASE CARD 3076 JBW INTERNATIONAL PT SYDNEY
15/01/2018,"-11.20",VISA DEBIT PURCHASE CARD 3076 GUZMAN Y GOMEZ WORLD SYDNEY
12/01/2018,"-4.30",VISA DEBIT PURCHASE CARD 3076 BOURKE ST BAKERY P L SURRY HILLS
12/01/2018,"-3.75",VISA DEBIT PURCHASE CARD 3076 MEEMMONJIL PTY LTD SURRY HILLS
09/01/2018,"-49.95",VISA DEBIT PURCHASE CARD 3076 JB HI FI WORLD SQUAR SYDNEY
08/01/2018,"400.00",TRANSFER FROM ROSS RAMSAY      PAPA
08/01/2018,"-4.30",VISA DEBIT PURCHASE CARD 3076 BOURKE ST BAKERY P L SURRY HILLS
05/01/2018,"-22.00",VISA DEBIT PURCHASE CARD 3076 AUSSIE FLAVOURS UNIT T SURRY HILLS
04/01/2018,"-8.00",VISA DEBIT PURCHASE CARD 3076 CHARLOTTE PASS V/AGE JINDABYNE
03/01/2018,"-12.45",VISA DEBIT PURCHASE CARD 3076 WOOLWORTHS 1401 JINDABYNE
02/01/2018,"-9.70",VISA DEBIT PURCHASE CARD 3076 WOOLWORTHS 1401 JINDABYNE
29/12/2017,"-21.00",VISA DEBIT PURCHASE CARD 3076 EB GAMES SYDNEY
28/12/2017,"128.10",ANZ INTERNET BANKING TRANSFER 10189224/12/2017    SCHNITZ HR PTY L
27/12/2017,"-69.76",VISA DEBIT PURCHASE CARD 3076 MUJI SYDNEY
27/12/2017,"-12.94",VISA DEBIT PURCHASE CARD 3076 KINOKUNIYA BOOKSTORES SYDNEY
27/12/2017,"-15.00",VISA DEBIT PURCHASE CARD 3076 THE HOYTS CORPORATIO BROADWAY
21/12/2017,"-15.70",VISA DEBIT PURCHASE CARD 3076 NANDOS 200028 BROADWAY
20/12/2017,"115.69",ANZ INTERNET BANKING TRANSFER 10189217/12/2017    SCHNITZ HR PTY L
13/12/2017,"40.23",ANZ INTERNET BANKING TRANSFER 10189210/12/2017    SCHNITZ HR PTY L
31/10/2017,"-7.95",VISA DEBIT PURCHASE CARD 3076 NANDOS 200028 BROADWAY
30/10/2017,"-3.50",VISA DEBIT PURCHASE CARD 3076 THE BLACK GROODLE ULTIMO
30/10/2017,"-3.50",VISA DEBIT PURCHASE CARD 3076 THE BLACK GROODLE ULTIMO
27/10/2017,"-6.50",VISA DEBIT PURCHASE CARD 3076 COLES EXPRESS 1698 ULTIMO
27/10/2017,"-2.00",VISA DEBIT PURCHASE CARD 3076 COLES EXPRESS 1698 ULTIMO
26/10/2017,"-8.00",VISA DEBIT PURCHASE CARD 3076 COLES EXPRESS 1698 ULTIMO
26/10/2017,"-3.00",VISA DEBIT PURCHASE CARD 3076 COLES EXPRESS 1698 ULTIMO
25/10/2017,"-4.00",VISA DEBIT PURCHASE CARD 3076 THE BLACK GROODLE ULTIMO
25/10/2017,"-17.00",VISA DEBIT PURCHASE CARD 3076 GOLDEN PIDE SURRY HILLS
23/10/2017,"-4.00",VISA DEBIT PURCHASE CARD 3076 COLES 0839 BROADWAY
23/10/2017,"-3.50",VISA DEBIT PURCHASE CARD 3076 THE BLACK GROODLE ULTIMO
23/10/2017,"-3.50",VISA DEBIT PURCHASE CARD 3076 FUSION EXPRESSO PTY ULTIMO
19/10/2017,"-2.00",VISA DEBIT PURCHASE CARD 3076 COLES EXPRESS 1698 ULTIMO
19/10/2017,"-17.00",VISA DEBIT PURCHASE CARD 3076 GUZMAN Y GOMEZ BROADWA BROADWAY
18/10/2017,"-2.00",VISA DEBIT PURCHASE CARD 3076 COLES EXPRESS 1698 ULTIMO
17/10/2017,"-4.00",VISA DEBIT PURCHASE CARD 3076 MALONEYS GROCER PTY SURRY HILLS
16/10/2017,"-16.26",VISA DEBIT PURCHASE CARD 3076 OFFICEWORKS 0215 BONDI
16/10/2017,"-3.00",VISA DEBIT PURCHASE CARD 3076 COLES EXPRESS 1698 ULTIMO
13/10/2017,"-3.00",VISA DEBIT PURCHASE CARD 3076 COLES EXPRESS 1698 ULTIMO
12/10/2017,"-5.00",VISA DEBIT PURCHASE CARD 3076 FUSION MINI MARKET ULTIMO
12/10/2017,"-5.99",VISA DEBIT PURCHASE CARD 3076 CROWNS CONVENIENCE SURRY HILLS
11/10/2017,"-3.00",VISA DEBIT PURCHASE CARD 3076 COLES EXPRESS 1698 ULTIMO
10/10/2017,"-5.50",VISA DEBIT PURCHASE CARD 3076 NIELSEN PARK KIOSK VAUCLUSE
09/10/2017,"-17.00",VISA DEBIT PURCHASE CARD 3076 GOLDEN PIDE SURRY HILLS
02/10/2017,"-11.00",VISA DEBIT PURCHASE CARD 3076 DOLLAR SHAVE CLUB AU SURRY HILLS
26/09/2017,"-4.50",VISA DEBIT PURCHASE CARD 3076 RITZ CINEMA RANDWICK
22/09/2017,"-13.00",VISA DEBIT PURCHASE CARD 3076 THE HOYTS CORPORATIO BROADWAY
20/09/2017,"-2.00",VISA DEBIT PURCHASE CARD 3076 COLES EXPRESS 1698 ULTIMO
19/09/2017,"-10.50",VISA DEBIT PURCHASE CARD 3076 COLES EXPRESS 1698 ULTIMO
15/09/2017,"-21.10",VISA DEBIT PURCHASE CARD 3076 NANDOS 200028 BROADWAY
12/09/2017,"-0.80",VISA DEBIT PURCHASE CARD 3076 COLES EXPRESS 1698 ULTIMO
11/09/2017,"-6.90",VISA DEBIT PURCHASE CARD 3076 RETAIL JUICE BARS PTY ULTIMO
08/09/2017,"-13.60",VISA DEBIT PURCHASE CARD 3076 SCHNITZ BROADWAY PTY BROADWAY
06/09/2017,"-7.50",VISA DEBIT PURCHASE CARD 3076 HERO SUSHI BROADWAY BROADWAY
01/09/2017,"-6.50",VISA DEBIT PURCHASE CARD 3076 COLES EXPRESS 1698 ULTIMO
31/08/2017,"-1.00",VISA DEBIT PURCHASE CARD 3076 COLES EXPRESS 1698 ULTIMO
30/08/2017,"-2.50",VISA DEBIT PURCHASE CARD 3076 COLES EXPRESS 1698 ULTIMO
28/08/2017,"-11.50",VISA DEBIT PURCHASE CARD 3076 GUZMAN Y GOMEZ BROADWA BROADWAY

